Full Name,Age,Email,Gender,Country,Job title,Salary
Pace Danielian,47,pdanielian0@nba.com,Male,Brazil,Librarian,6440
Sidonnie Bebis,71,sbebis1@about.com,Female,Philippines,Physical Therapy Assistant,7566
Virgilio Ronci,29,vronci2@miitbeian.gov.cn,Male,Peru,Business Systems Development Analyst,1338
Flemming Powys,37,fpowys3@squidoo.com,Male,Angola,Software Engineer II,8336
George Gapp,67,ggapp4@shinystat.com,Non-binary,Mexico,Teacher,1435
Maggy Shambroke,84,mshambroke5@weebly.com,Female,Canada,General Manager,8027
Veriee Jayume,68,vjayume6@nifty.com,Female,Ethiopia,Sales Representative,2017
Noel Cosgry,38,ncosgry7@nba.com,Male,Brazil,Product Engineer,4432
Tadd Mosedill,83,tmosedill8@fda.gov,Male,China,Software Test Engineer II,2206
Rufe Pasfield,85,rpasfield9@spiegel.de,Male,China,Office Assistant IV,8708
Franz Lowmass,59,flowmassa@umn.edu,Male,Nigeria,VP Sales,8861
Melba Fumagallo,21,mfumagallob@elegantthemes.com,Female,Estonia,Software Consultant,1624
Arlie Proffer,51,aprofferc@cbc.ca,Female,Russia,Community Outreach Specialist,4178
Silvano Brewerton,12,sbrewertond@patch.com,Male,Honduras,Cost Accountant,2049
Frankie Pristnor,37,fpristnore@g.co,Male,Russia,Software Consultant,1328
Jodie Gillatt,44,jgillattf@adobe.com,Female,Serbia,Mechanical Systems Engineer,2903
Anica Burkill,78,aburkillg@stanford.edu,Female,Indonesia,Nuclear Power Engineer,3779
Leeann Maidens,82,lmaidensh@live.com,Female,China,Editor,8556
Jean Sygrove,69,jsygrovei@ed.gov,Male,Peru,Information Systems Manager,8524
Lurline Fildery,7,lfilderyj@plala.or.jp,Female,United States,Junior Executive,5879
Gaspard Van Haeften,57,gvank@psu.edu,Male,China,Staff Accountant II,5485
Sabina Thoma,40,sthomal@lulu.com,Female,Japan,GIS Technical Architect,1410
Alfonse Korejs,57,akorejsm@163.com,Male,China,Sales Associate,4398
Nathanil Casse,84,ncassen@w3.org,Male,China,Systems Administrator II,4855
Annmaria Lunam,28,alunamo@smh.com.au,Female,Thailand,Structural Analysis Engineer,3090
Pryce Roeby,48,proebyp@hexun.com,Male,Poland,Structural Engineer,2564
Gualterio Quinane,60,gquinaneq@nasa.gov,Male,Martinique,Structural Analysis Engineer,4123
Robbyn Crowter,21,rcrowterr@npr.org,Female,Kuwait,Chief Design Engineer,7868
Mellicent Theurer,74,mtheurers@mit.edu,Female,Portugal,Engineer II,7228
Dannie Archbould,23,darchbouldt@chicagotribune.com,Female,Japan,Director of Sales,5937
Axel Baldock,12,abaldocku@cornell.edu,Male,Portugal,Account Coordinator,4761
Lucinda Sellner,41,lsellnerv@1und1.de,Female,Indonesia,Payment Adjustment Coordinator,9401
Cherrita Willis,86,cwillisw@jigsy.com,Female,China,Marketing Assistant,6069
Perceval Bothbie,63,pbothbiex@phoca.cz,Male,Chad,Occupational Therapist,6370
Wilburt Middlehurst,60,wmiddlehursty@people.com.cn,Male,China,Senior Quality Engineer,3928
Garrot Larner,67,glarnerz@guardian.co.uk,Male,Zambia,Associate Professor,1672
Ivonne Arboin,84,iarboin10@domainmarket.com,Female,China,Business Systems Development Analyst,6195
Kizzie Silk,73,ksilk11@technorati.com,Female,Russia,Human Resources Assistant IV,9198
Ken Hosier,41,khosier12@blogtalkradio.com,Male,Kazakhstan,Speech Pathologist,3547
Bevin Garbar,87,bgarbar13@joomla.org,Male,China,Legal Assistant,6406
Kearney Brailey,67,kbrailey14@wiley.com,Male,Belgium,Assistant Professor,4079
Jerry Wadly,46,jwadly15@geocities.jp,Male,China,Structural Engineer,3852
Welby Cyples,7,wcyples16@reverbnation.com,Agender,Philippines,Environmental Tech,5648
Luis Zelake,14,lzelake17@mashable.com,Male,Tunisia,Statistician I,6937
Janey Casarili,88,jcasarili18@businesswire.com,Agender,Japan,Product Engineer,9382
Corny Shaul,1,cshaul19@google.nl,Female,Thailand,Nurse Practicioner,8696
Neddie Spencer,54,nspencer1a@economist.com,Male,Indonesia,Developer IV,6046
Selle Jarvis,82,sjarvis1b@craigslist.org,Female,Portugal,Recruiting Manager,4634
Tricia Bichard,10,tbichard1c@csmonitor.com,Female,Nigeria,General Manager,5533
Lorenzo Hannigan,18,lhannigan1d@behance.net,Male,Nicaragua,Design Engineer,9941
Katharyn Pechan,12,kpechan1e@qq.com,Female,Greece,Accounting Assistant IV,8679
Ferdinand Soame,33,fsoame1f@adobe.com,Male,Ireland,Help Desk Operator,4105
Sherm Ruslinge,35,sruslinge1g@uiuc.edu,Male,China,Project Manager,1372
Coop Gatteridge,77,cgatteridge1h@ustream.tv,Male,Honduras,Technical Writer,5061
Donn Goldingay,12,dgoldingay1i@webeden.co.uk,Male,Canada,Compensation Analyst,3473
Elyssa Probin,78,eprobin1j@nsw.gov.au,Female,Madagascar,Staff Accountant I,2752
Mildrid Craddy,84,mcraddy1k@imageshack.us,Female,France,Budget/Accounting Analyst III,6460
Jayne Frediani,69,jfrediani1l@chicagotribune.com,Female,Russia,Geological Engineer,7208
Harris Hruska,67,hhruska1m@uiuc.edu,Male,Philippines,Engineer III,4195
Kizzee Henze,82,khenze1n@example.com,Female,Russia,Database Administrator III,4946
Thom Annetts,90,tannetts1o@php.net,Male,Afghanistan,Software Engineer IV,9319
Karly Ducket,52,kducket1p@dedecms.com,Female,Russia,Engineer III,2440
Vivi Southerell,55,vsoutherell1q@soup.io,Female,Indonesia,Project Manager,2141
Raimondo Tolliday,6,rtolliday1r@clickbank.net,Male,Czech Republic,Assistant Manager,3147
Feodora Jobbings,70,fjobbings1s@marketwatch.com,Female,China,Director of Sales,8821
Packston Gaythorpe,69,pgaythorpe1t@loc.gov,Male,Mongolia,Web Designer I,6155
Jobey Beadnell,81,jbeadnell1u@lycos.com,Female,Bangladesh,Professor,5338
Ali Cobleigh,39,acobleigh1v@twitter.com,Female,Yemen,Account Coordinator,2392
Zitella Niesel,52,zniesel1w@squarespace.com,Female,United States,Actuary,1002
Codi Tollady,54,ctollady1x@vimeo.com,Female,Peru,Human Resources Manager,8215
Dougy Petrovic,80,dpetrovic1y@smh.com.au,Genderqueer,Brazil,Statistician IV,4343
Zedekiah Perrington,2,zperrington1z@google.nl,Male,China,Help Desk Technician,9285
Jules Wanstall,69,jwanstall20@simplemachines.org,Male,China,Account Representative I,7198
Kingston Duchant,46,kduchant21@infoseek.co.jp,Male,Colombia,Speech Pathologist,9714
Milicent Felten,5,mfelten22@state.tx.us,Female,Hungary,Occupational Therapist,7619
Arnuad Andrat,81,aandrat23@arizona.edu,Male,Albania,Marketing Manager,7397
Rhodie Lightning,28,rlightning24@pbs.org,Female,Russia,General Manager,4895
Waneta Chesterman,58,wchesterman25@auda.org.au,Female,Indonesia,Marketing Assistant,7619
Aprilette Plumbe,57,aplumbe26@businessinsider.com,Female,China,Social Worker,6718
Marco Hares,21,mhares27@microsoft.com,Male,China,Product Engineer,3621
Hynda Milthorpe,38,hmilthorpe28@google.com.hk,Female,Greece,Software Engineer IV,3867
Libbey Scriviner,8,lscriviner29@hugedomains.com,Female,Netherlands,Financial Analyst,4659
Ange Jerke,37,ajerke2a@github.com,Female,Serbia,Biostatistician IV,9496
Domenic Goom,22,dgoom2b@nydailynews.com,Male,Ethiopia,Quality Control Specialist,1417
Tilly Provis,20,tprovis2c@prweb.com,Genderqueer,Russia,VP Quality Control,8930
Palm Shelmerdine,46,pshelmerdine2d@google.fr,Male,Vietnam,Account Executive,1870
Freedman Jilkes,55,fjilkes2e@unblog.fr,Male,Canada,Staff Accountant II,8875
Sascha Bellerby,20,sbellerby2f@deliciousdays.com,Female,China,Marketing Manager,7255
Giacinta Wyllt,29,gwyllt2g@businessinsider.com,Female,South Korea,Teacher,2062
Cordey Peer,54,cpeer2h@dion.ne.jp,Female,Russia,Programmer IV,4362
Courtenay Ferreres,30,cferreres2i@google.com.hk,Female,Philippines,Systems Administrator II,5398
Jermaine Bru,55,jbru2j@tmall.com,Female,Indonesia,Biostatistician II,3483
Bruce Grimsell,1,bgrimsell2k@hc360.com,Male,Brazil,Electrical Engineer,6450
Mara Dowdell,9,mdowdell2l@ucoz.com,Female,Portugal,Chemical Engineer,2913
Margo Hawksworth,3,mhawksworth2m@earthlink.net,Female,Indonesia,Cost Accountant,7060
Consolata Chasney,32,cchasney2n@princeton.edu,Female,Sri Lanka,Safety Technician IV,2608
Gustavus Metschke,49,gmetschke2o@biblegateway.com,Agender,Indonesia,Senior Cost Accountant,1739
Gwennie Doyle,73,gdoyle2p@theatlantic.com,Female,Turkmenistan,Help Desk Technician,9513
Jerry Shobrook,52,jshobrook2q@yolasite.com,Male,Bolivia,Mechanical Systems Engineer,8585
Weston Littlecote,47,wlittlecote2r@g.co,Male,Mexico,Administrative Officer,7529
Darbee Gregersen,71,dgregersen2s@stanford.edu,Male,Russia,Tax Accountant,4404
Heddie Focke,21,hfocke2t@fc2.com,Female,Laos,Mechanical Systems Engineer,3405
Aubine Bearsmore,2,abearsmore2u@indiatimes.com,Female,Indonesia,VP Accounting,3639
Chev Doreward,69,cdoreward2v@opensource.org,Male,Russia,Executive Secretary,8135
Ruthanne Ramsay,47,rramsay2w@huffingtonpost.com,Female,Russia,Director of Sales,6724
Ermentrude Iacovelli,37,eiacovelli2x@blogs.com,Female,Albania,Design Engineer,1457
Melba Harford,1,mharford2y@japanpost.jp,Female,Indonesia,Compensation Analyst,6537
Ravi Alan,49,ralan2z@so-net.ne.jp,Male,China,Biostatistician III,7672
Beck Fitzsymons,77,bfitzsymons30@ted.com,Male,Indonesia,Software Test Engineer III,5265
Deane Dahlen,87,ddahlen31@booking.com,Female,Ghana,Senior Sales Associate,7492
Hermy Cockrill,50,hcockrill32@wikimedia.org,Genderqueer,Russia,Actuary,1223
Dalenna Dow,10,ddow33@posterous.com,Female,Afghanistan,Recruiting Manager,1423
Alida Matts,4,amatts34@engadget.com,Female,Chile,Data Coordinator,1564
Jacenta Yetts,14,jyetts35@ifeng.com,Female,China,Operator,8054
Pet Denzey,39,pdenzey36@latimes.com,Female,Philippines,Research Nurse,3656
Krispin Bardey,1,kbardey37@so-net.ne.jp,Male,Bolivia,Speech Pathologist,2694
Les Brownlee,21,lbrownlee38@reference.com,Male,Netherlands,Assistant Manager,3448
Jaquenette Buttriss,72,jbuttriss39@tmall.com,Genderfluid,Nigeria,Developer II,4753
Iona Fulks,37,ifulks3a@apple.com,Non-binary,Poland,Food Chemist,2858
Austen Styant,46,astyant3b@myspace.com,Male,Venezuela,Assistant Media Planner,2796
Ayn Dalgetty,24,adalgetty3c@blogger.com,Female,Peru,Financial Analyst,8551
Lynde Stockbridge,18,lstockbridge3d@technorati.com,Female,Philippines,Editor,5496
Riobard Huggens,45,rhuggens3e@mozilla.org,Male,Indonesia,Biostatistician I,9081
Chantal McKeating,78,cmckeating3f@squidoo.com,Female,Indonesia,Geological Engineer,7125
Hayyim Hindshaw,8,hhindshaw3g@freewebs.com,Male,Nigeria,Administrative Officer,3465
Ulick Ciotto,67,uciotto3h@mozilla.org,Male,Estonia,Staff Accountant I,6348
Allyn Dennehy,89,adennehy3i@europa.eu,Male,United States,Assistant Media Planner,3501
Callie Hoolaghan,86,choolaghan3j@theglobeandmail.com,Female,Denmark,Help Desk Technician,7039
August McGaugan,51,amcgaugan3k@examiner.com,Male,Indonesia,Quality Engineer,4278
Janice Blinerman,42,jblinerman3l@printfriendly.com,Female,Russia,Nurse Practicioner,6048
Clea McIlroy,9,cmcilroy3m@businesswire.com,Female,China,Operator,3140
Pierre Glowinski,16,pglowinski3n@huffingtonpost.com,Male,China,Analyst Programmer,6073
Pierce Anglin,64,panglin3o@ovh.net,Genderfluid,Russia,Software Test Engineer I,5618
Kalle Mennell,14,kmennell3p@cnet.com,Male,Peru,Developer II,1762
Xenos Cortez,33,xcortez3q@google.es,Male,Canada,Engineer III,6774
Charin Apthorpe,60,capthorpe3r@rambler.ru,Genderqueer,Indonesia,Assistant Manager,9983
Pierrette Fley,47,pfley3s@163.com,Female,Poland,Payment Adjustment Coordinator,4107
Bendix Drummond,84,bdrummond3t@addthis.com,Male,Nigeria,Senior Developer,944
Rennie Petriello,85,rpetriello3u@cisco.com,Female,Lithuania,Physical Therapy Assistant,4219
Natty McFadzean,49,nmcfadzean3v@cnet.com,Male,Indonesia,Project Manager,6661
Sauveur Semrad,27,ssemrad3w@devhub.com,Male,Poland,Speech Pathologist,1791
Irina Earp,40,iearp3x@yolasite.com,Female,Indonesia,Professor,2274
Brigid Bysaker,34,bbysaker3y@google.it,Female,France,Associate Professor,2715
Erwin Bredee,68,ebredee3z@squidoo.com,Male,Brazil,Actuary,7210
Royal Majury,17,rmajury40@sohu.com,Male,Sweden,Staff Accountant IV,6338
Von Nuzzetti,15,vnuzzetti41@4shared.com,Male,China,Engineer II,1232
Bobbette Bracchi,85,bbracchi42@nasa.gov,Female,China,Professor,6703
Inness Thulborn,90,ithulborn43@skyrock.com,Male,Portugal,Operator,1751
Pearce Jacomb,58,pjacomb44@oaic.gov.au,Male,Nepal,Internal Auditor,8496
Jonah Ward,75,jward45@earthlink.net,Male,Indonesia,Marketing Assistant,6695
Madalena Constantinou,54,mconstantinou46@apache.org,Female,Nigeria,Account Executive,1841
Trudy Kelf,41,tkelf47@mit.edu,Female,Panama,Computer Systems Analyst IV,8259
Lynn D'Ruel,82,ldruel48@sun.com,Female,France,Assistant Professor,2618
Hilarius Donovin,76,hdonovin49@pbs.org,Male,Russia,Systems Administrator II,6935
Pyotr Revans,58,prevans4a@infoseek.co.jp,Male,Costa Rica,Paralegal,8037
Cicely Bein,90,cbein4b@i2i.jp,Female,Indonesia,Professor,8726
Glen Gatenby,28,ggatenby4c@w3.org,Female,Indonesia,Social Worker,876
Emili O' Lone,11,eo4d@adobe.com,Female,Paraguay,Biostatistician I,6740
Kora Childers,18,kchilders4e@edublogs.org,Female,Portugal,Civil Engineer,6113
Harman Glasscott,5,hglasscott4f@ebay.co.uk,Male,China,Data Coordinator,6280
Renata Elwill,4,relwill4g@myspace.com,Female,Paraguay,Analog Circuit Design manager,2310
Philipa Olliffe,44,polliffe4h@weibo.com,Female,Kazakhstan,Speech Pathologist,7966
Hew Gowans,41,hgowans4i@biglobe.ne.jp,Male,China,Product Engineer,3985
Wright Chominski,86,wchominski4j@flickr.com,Male,France,Community Outreach Specialist,7256
Inigo Fawdery,51,ifawdery4k@mediafire.com,Male,Albania,Analyst Programmer,4707
Olvan Kilbee,32,okilbee4l@answers.com,Male,Poland,Legal Assistant,6665
Celestia Kinleyside,65,ckinleyside4m@blinklist.com,Female,Kenya,Statistician I,8016
Caressa Rembrant,59,crembrant4n@tiny.cc,Female,Portugal,Project Manager,8974
Phil Slessar,44,pslessar4o@patch.com,Female,Philippines,Operator,8363
Dagny Paxton,40,dpaxton4p@mac.com,Male,Philippines,Human Resources Manager,2495
Clementius Fairs,79,cfairs4q@pen.io,Male,Moldova,Media Manager I,9968
Bartholomew Kingzeth,1,bkingzeth4r@hugedomains.com,Male,United States,Recruiting Manager,6299
Norry Quadri,3,nquadri4s@japanpost.jp,Female,Iraq,Product Engineer,3184
Kylen Boddington,27,kboddington4t@usda.gov,Polygender,France,Assistant Professor,3502
Nell Coldtart,74,ncoldtart4u@dmoz.org,Female,United States,Research Assistant IV,2065
Filippo Yedall,51,fyedall4v@nymag.com,Genderqueer,Indonesia,Librarian,4698
Nelie Tole,77,ntole4w@mapy.cz,Female,Indonesia,VP Quality Control,3387
Elnora Ingraham,64,eingraham4x@aol.com,Female,China,Internal Auditor,5065
Berty Everiss,27,beveriss4y@cbsnews.com,Male,Malta,Software Consultant,1903
Gerrard Hastewell,3,ghastewell4z@oakley.com,Male,Thailand,Structural Analysis Engineer,3285
Demetris Donnachie,37,ddonnachie50@smugmug.com,Male,Croatia,Chemical Engineer,8603
Adi Busst,6,abusst51@typepad.com,Female,Montenegro,Business Systems Development Analyst,1881
Baudoin Paddock,42,bpaddock52@chicagotribune.com,Male,Uganda,GIS Technical Architect,3671
Gisele Haswell,70,ghaswell53@dedecms.com,Female,Rwanda,Programmer IV,2936
Debor Conry,73,dconry54@ed.gov,Female,Philippines,Nuclear Power Engineer,6358
Allyn Roadnight,67,aroadnight55@chron.com,Male,Macedonia,Administrative Assistant IV,4400
Tobiah Stoneham,40,tstoneham56@nbcnews.com,Male,Portugal,Environmental Specialist,3578
Ulrica Gaynes,5,ugaynes57@answers.com,Genderqueer,China,Registered Nurse,7099
Corinne Attew,14,cattew58@amazon.com,Genderfluid,Nigeria,Administrative Officer,2424
Bernardina Dunford,57,bdunford59@trellian.com,Female,Kazakhstan,Recruiter,1664
Victoir Byk,2,vbyk5a@icq.com,Male,Indonesia,Social Worker,2241
Natalya Wormell,48,nwormell5b@t.co,Female,Philippines,Staff Accountant IV,6471
Jaquith Paulack,80,jpaulack5c@sakura.ne.jp,Bigender,Hong Kong,Help Desk Technician,4375
Weber Holbie,54,wholbie5d@ebay.co.uk,Male,Russia,Community Outreach Specialist,1730
Burch Bucky,47,bbucky5e@earthlink.net,Male,Indonesia,Recruiting Manager,6777
Ferne Cokely,25,fcokely5f@soup.io,Female,Honduras,Database Administrator II,5394
Demott Karet,66,dkaret5g@toplist.cz,Male,Mexico,Web Designer I,2739
Livvy Frenzl,35,lfrenzl5h@gizmodo.com,Female,Mexico,Occupational Therapist,6368
Adda Grattage,28,agrattage5i@europa.eu,Female,Philippines,Associate Professor,7383
Horst Andrejs,26,handrejs5j@flickr.com,Genderqueer,United States,Nurse,4074
Yorke Collop,86,ycollop5k@wisc.edu,Male,Morocco,Office Assistant IV,7958
Randi Formigli,70,rformigli5l@cargocollective.com,Female,China,Senior Sales Associate,5359
Joshuah Leadston,7,jleadston5m@imdb.com,Male,China,Operator,8354
Maud Poole,48,mpoole5n@columbia.edu,Female,Indonesia,Computer Systems Analyst III,2059
Camila Jenoure,31,cjenoure5o@liveinternet.ru,Female,Malaysia,Civil Engineer,5964
Lyle Le Brun,58,lle5p@tinyurl.com,Male,Russia,Chief Design Engineer,4379
Diahann Cottel,30,dcottel5q@mit.edu,Female,Thailand,Software Engineer IV,5215
Traci Caswall,74,tcaswall5r@google.com.au,Female,Philippines,Clinical Specialist,4763
Ulysses Turpey,56,uturpey5s@amazon.co.uk,Non-binary,Mexico,Social Worker,3314
Emmery Nolton,64,enolton5t@com.com,Male,Brazil,Executive Secretary,7136
Ware Jakubovits,27,wjakubovits5u@hud.gov,Male,Trinidad and Tobago,Programmer IV,5455
Brittni Goudge,89,bgoudge5v@berkeley.edu,Female,Colombia,Software Consultant,9516
Ash Potteril,28,apotteril5w@php.net,Male,Poland,Mechanical Systems Engineer,2277
Nobe Howbrook,54,nhowbrook5x@mapy.cz,Male,Gambia,Assistant Media Planner,9953
Tynan Dobbing,57,tdobbing5y@freewebs.com,Agender,Indonesia,Financial Analyst,2471
Bendick Rosewell,32,brosewell5z@icio.us,Male,Mexico,Administrative Officer,3250
Teddie Grant,59,tgrant60@nbcnews.com,Male,Colombia,Speech Pathologist,4820
Nanon Ranking,82,nranking61@businesswire.com,Female,Uzbekistan,Professor,2117
Caty Bilbey,57,cbilbey62@spiegel.de,Bigender,Philippines,Computer Systems Analyst III,9381
Eartha Willmer,23,ewillmer63@salon.com,Female,Indonesia,Social Worker,3603
Audra Eusden,79,aeusden64@flavors.me,Female,Argentina,Human Resources Assistant III,5927
Afton Treppas,62,atreppas65@wired.com,Female,Finland,Operator,2036
Rosetta Girt,44,rgirt66@ihg.com,Female,United States,Dental Hygienist,6080
Jaquenetta Calderhead,35,jcalderhead67@gravatar.com,Female,China,General Manager,2698
Ardyth Wigglesworth,13,awigglesworth68@wufoo.com,Agender,Philippines,Director of Sales,6770
Nikaniki Nickels,63,nnickels69@time.com,Female,China,Help Desk Technician,6333
Dacy Carcas,58,dcarcas6a@cargocollective.com,Female,Serbia,Help Desk Technician,3360
Lyssa Haster,60,lhaster6b@cocolog-nifty.com,Female,China,Social Worker,6813
Binny Janousek,54,bjanousek6c@1688.com,Female,Vietnam,Structural Engineer,7993
Idalia Minithorpe,12,iminithorpe6d@java.com,Female,Indonesia,Speech Pathologist,834
Sharon Gouge,40,sgouge6e@senate.gov,Female,Indonesia,Environmental Specialist,2826
Beck Blakey,65,bblakey6f@sourceforge.net,Male,Kuwait,Biostatistician II,1576
Kennedy Bennedick,89,kbennedick6g@mit.edu,Male,Brazil,Chief Design Engineer,5720
Bevan Whardley,78,bwhardley6h@slideshare.net,Male,Sweden,Paralegal,3508
Jens Grumley,24,jgrumley6i@mtv.com,Male,Peru,Desktop Support Technician,9489
Marybeth Tumayan,26,mtumayan6j@opensource.org,Female,France,Senior Financial Analyst,5995
Ilsa Risebrow,21,irisebrow6k@imgur.com,Female,Czech Republic,Professor,3617
Gerard Scourgie,79,gscourgie6l@addthis.com,Male,Japan,Executive Secretary,6298
Laurette McGlaughn,23,lmcglaughn6m@army.mil,Female,China,Teacher,7544
Arlan Sandhill,63,asandhill6n@sitemeter.com,Male,France,Operator,1461
Baxter Facey,58,bfacey6o@themeforest.net,Male,Yemen,Data Coordinator,1129
Daisie Druce,76,ddruce6p@squarespace.com,Female,Russia,Community Outreach Specialist,9326
Hoyt Exelby,42,hexelby6q@hubpages.com,Male,Philippines,Systems Administrator III,1615
Jeniffer Radish,85,jradish6r@diigo.com,Female,Jordan,Health Coach IV,5006
Lenci Vaneev,54,lvaneev6s@over-blog.com,Agender,Serbia,Editor,6837
Matthaeus Proffitt,56,mproffitt6t@who.int,Male,Morocco,Sales Associate,5600
Inglebert Welds,35,iwelds6u@plala.or.jp,Male,Portugal,Administrative Assistant IV,4848
Mace McManamen,86,mmcmanamen6v@wp.com,Genderqueer,United States,Internal Auditor,7454
Tildie Saberton,10,tsaberton6w@flickr.com,Female,Russia,Product Engineer,9152
Jess Boorn,13,jboorn6x@cbc.ca,Agender,Honduras,Paralegal,7372
Burnard Crankhorn,49,bcrankhorn6y@dedecms.com,Male,China,Engineer II,9379
Roger Kerrigan,55,rkerrigan6z@nbcnews.com,Male,Brazil,Help Desk Operator,5530
Brina Rzehorz,36,brzehorz70@bluehost.com,Female,Brazil,Community Outreach Specialist,8142
Morten Vassall,16,mvassall71@loc.gov,Male,Vietnam,Automation Specialist III,1607
Lorianna Hauxley,9,lhauxley72@dion.ne.jp,Genderfluid,Poland,Account Executive,7916
Wittie Records,10,wrecords73@acquirethisname.com,Male,South Korea,Biostatistician IV,9761
Fransisco O'Fergus,28,fofergus74@simplemachines.org,Male,Sweden,Clinical Specialist,5476
Ame Moret,4,amoret75@zimbio.com,Female,Indonesia,Web Designer II,7233
Tomaso Winham,73,twinham76@networkadvertising.org,Male,Indonesia,Developer II,6370
Goddart Blaver,12,gblaver77@tmall.com,Male,Afghanistan,Compensation Analyst,3967
Emery Jakubowski,49,ejakubowski78@sfgate.com,Male,Ukraine,Account Executive,4811
Culley Verbrugge,24,cverbrugge79@yahoo.co.jp,Male,Vietnam,Media Manager IV,8801
Claudette Shoreman,15,cshoreman7a@who.int,Female,Indonesia,Tax Accountant,9152
Simmonds Bulpitt,89,sbulpitt7b@ebay.co.uk,Male,Russia,Office Assistant I,8978
Alastair Hairon,33,ahairon7c@qq.com,Male,Poland,Software Consultant,4477
Loria Alan,26,lalan7d@furl.net,Female,China,Staff Scientist,5497
Vladimir Champken,74,vchampken7e@amazon.com,Male,Japan,Systems Administrator III,2454
Holly Osant,42,hosant7f@tuttocitta.it,Male,Peru,Software Engineer I,9168
Aluin Acres,48,aacres7g@shinystat.com,Male,Poland,Software Consultant,3184
Torry Winson,19,twinson7h@mediafire.com,Male,Armenia,Staff Scientist,2392
Mary Woollam,10,mwoollam7i@privacy.gov.au,Female,China,Programmer Analyst IV,7464
Kale Cave,68,kcave7j@businesswire.com,Male,Indonesia,Senior Editor,2928
Rustie Gueinn,36,rgueinn7k@creativecommons.org,Male,Portugal,Safety Technician IV,9216
Matthieu McGloin,57,mmcgloin7l@sun.com,Male,United States,Developer II,8269
Ferrel Looker,69,flooker7m@bigcartel.com,Male,Peru,Chief Design Engineer,2970
Ricky Clubb,42,rclubb7n@economist.com,Female,Ireland,Environmental Tech,5252
Ozzie Laister,5,olaister7o@webnode.com,Genderqueer,Colombia,Technical Writer,1386
Berty Margett,33,bmargett7p@tinyurl.com,Male,China,Cost Accountant,5860
Winnah Bellenger,52,wbellenger7q@latimes.com,Female,Niger,Media Manager II,1537
Joeann Dosedale,55,jdosedale7r@plala.or.jp,Female,United States,Systems Administrator II,9584
Lula Parham,35,lparham7s@ucoz.com,Female,Portugal,Payment Adjustment Coordinator,7122
Lannie Calan,41,lcalan7t@sfgate.com,Male,Philippines,Account Executive,5225
Leda Semechik,63,lsemechik7u@phoca.cz,Female,China,Junior Executive,8974
Ellswerth Batting,45,ebatting7v@com.com,Male,France,Registered Nurse,6981
Jojo Edmons,17,jedmons7w@dailymail.co.uk,Bigender,Kenya,Analog Circuit Design manager,6678
Arne Cato,22,acato7x@npr.org,Male,Nicaragua,Cost Accountant,8747
Kerwinn Ceillier,45,kceillier7y@sciencedirect.com,Male,Armenia,Legal Assistant,6010
Giselbert Gheorghie,73,ggheorghie7z@wikipedia.org,Male,Russia,Nuclear Power Engineer,6795
Hobey Burhouse,50,hburhouse80@loc.gov,Male,Indonesia,Business Systems Development Analyst,7630
Karen Baskeyfied,58,kbaskeyfied81@twitter.com,Female,China,VP Accounting,7085
Suzette Creaney,24,screaney82@tumblr.com,Genderqueer,Indonesia,Junior Executive,4358
Burk Chessill,53,bchessill83@sogou.com,Male,Poland,Product Engineer,4883
Zaria Imrie,2,zimrie84@mtv.com,Female,Uruguay,Environmental Tech,8471
Maggy Yeskov,31,myeskov85@dedecms.com,Female,Kazakhstan,VP Sales,6643
Robina Weinmann,66,rweinmann86@wsj.com,Female,Thailand,Assistant Media Planner,3401
Franny Schubuser,56,fschubuser87@china.com.cn,Female,Portugal,Junior Executive,5555
Haywood Philips,2,hphilips88@hp.com,Male,China,Engineer II,905
Elsi Hanscombe,85,ehanscombe89@gmpg.org,Female,China,Registered Nurse,5410
Gal Borgars,53,gborgars8a@studiopress.com,Male,China,Senior Cost Accountant,5761
Rita Eyeington,64,reyeington8b@statcounter.com,Female,Canada,Media Manager III,5486
Hashim Zaple,8,hzaple8c@squarespace.com,Male,China,Software Test Engineer III,9280
Brose Aickin,32,baickin8d@histats.com,Male,China,Account Coordinator,7990
Roxana Clute,38,rclute8e@delicious.com,Genderfluid,Vietnam,Research Assistant III,2093
Muffin Prendergast,73,mprendergast8f@cdc.gov,Male,Ukraine,Data Coordinator,4314
Wendy Waitland,38,wwaitland8g@usnews.com,Female,Ukraine,Research Assistant IV,2823
Feliks Sprigings,26,fsprigings8h@cornell.edu,Male,Kazakhstan,Assistant Professor,2499
Verina Guppie,10,vguppie8i@senate.gov,Female,Indonesia,Actuary,7413
Fulvia Deerr,61,fdeerr8j@printfriendly.com,Female,China,Food Chemist,5812
Elsy Adamovsky,64,eadamovsky8k@ca.gov,Polygender,Indonesia,Staff Scientist,6669
Tiffani Basile,48,tbasile8l@cnbc.com,Female,Russia,Human Resources Assistant II,9143
Marlow Paolozzi,37,mpaolozzi8m@addthis.com,Male,Kazakhstan,Safety Technician III,1444
Ronnie Biagioni,42,rbiagioni8n@xrea.com,Male,China,Budget/Accounting Analyst IV,3937
Desirae Workman,26,dworkman8o@ifeng.com,Female,Indonesia,Biostatistician II,2063
Jackquelin Dunkerton,56,jdunkerton8p@spotify.com,Female,China,Account Coordinator,9211
Thomasin Stealey,71,tstealey8q@nytimes.com,Female,United States,Clinical Specialist,3559
Lucius Morphew,14,lmorphew8r@timesonline.co.uk,Male,United States,VP Product Management,9250
Tracy Unwin,41,tunwin8s@about.com,Male,Sweden,Senior Cost Accountant,1089
Bell Halbeard,23,bhalbeard8t@senate.gov,Female,Vietnam,Registered Nurse,8637
Teddie Gallymore,54,tgallymore8u@examiner.com,Male,Cuba,Statistician II,7176
Filippo Ponsford,3,fponsford8v@instagram.com,Male,Russia,Administrative Assistant III,1573
Halie Euston,4,heuston8w@apache.org,Female,Indonesia,Systems Administrator I,3607
Carrie Krimmer,79,ckrimmer8x@kickstarter.com,Female,El Salvador,Administrative Officer,6071
Symon Fere,20,sfere8y@wiley.com,Male,Zimbabwe,Financial Advisor,2841
Rutger Aslott,36,raslott8z@smugmug.com,Male,South Korea,Chemical Engineer,9943
Gratiana Polson,76,gpolson90@yahoo.co.jp,Female,Australia,Analog Circuit Design manager,5140
Marybeth Bernardinelli,86,mbernardinelli91@usnews.com,Female,Philippines,Marketing Assistant,4626
Trey Aymer,20,taymer92@samsung.com,Male,China,Tax Accountant,1967
Sigismund Valentelli,75,svalentelli93@disqus.com,Male,Cyprus,Chief Design Engineer,1165
Alys Diegan,29,adiegan94@photobucket.com,Female,France,Speech Pathologist,3672
Sileas Forstall,26,sforstall95@dmoz.org,Female,China,Programmer Analyst I,9366
Jdavie Sellwood,74,jsellwood96@boston.com,Male,Poland,Financial Analyst,8737
Connor Umpleby,87,cumpleby97@thetimes.co.uk,Male,Pakistan,Pharmacist,2452
Marna Gate,54,mgate98@multiply.com,Female,Indonesia,Professor,2533
Estrella Collinette,23,ecollinette99@t-online.de,Female,Syria,Senior Cost Accountant,9232
Marlane Tumulty,52,mtumulty9a@mac.com,Female,Indonesia,Administrative Assistant I,5751
Rea Remon,7,rremon9b@163.com,Female,China,Electrical Engineer,4855
Gabrila Sabathier,59,gsabathier9c@cloudflare.com,Female,Czech Republic,Desktop Support Technician,4621
Ammamaria Daniely,63,adaniely9d@engadget.com,Female,Argentina,Administrative Assistant II,7968
Jory Aldins,79,jaldins9e@toplist.cz,Male,Madagascar,Associate Professor,7082
Hans Leyton,82,hleyton9f@symantec.com,Male,Democratic Republic of the Congo,Recruiter,7487
Armstrong Senchenko,72,asenchenko9g@sphinn.com,Genderqueer,Portugal,General Manager,6614
Fairlie Stickney,17,fstickney9h@foxnews.com,Male,Myanmar,Marketing Manager,7986
Charlton Heselwood,74,cheselwood9i@devhub.com,Male,Sweden,Geologist III,6514
Ariadne Svanetti,62,asvanetti9j@bloglines.com,Female,Suriname,Data Coordinator,8578
Margaret Rizon,75,mrizon9k@samsung.com,Non-binary,China,Budget/Accounting Analyst I,4766
Grantham Guitte,6,gguitte9l@mediafire.com,Male,Finland,GIS Technical Architect,3234
Erinna Mccaull,81,emccaull9m@sun.com,Female,Philippines,Senior Developer,6636
Chris Rawdales,48,crawdales9n@parallels.com,Male,Ethiopia,Senior Financial Analyst,7270
Glynn Jarritt,23,gjarritt9o@indiatimes.com,Male,Spain,Internal Auditor,4506
Aubrie Polkinghorne,13,apolkinghorne9p@friendfeed.com,Female,Portugal,Social Worker,3044
Phillie Lardier,76,plardier9q@va.gov,Female,China,Help Desk Technician,4201
Caria Lagneaux,3,clagneaux9r@ow.ly,Female,Canada,Statistician I,1042
Dallis Crissil,90,dcrissil9s@walmart.com,Male,China,Recruiter,8894
Wilona Pidgin,8,wpidgin9t@com.com,Female,China,Nurse,9792
Annamaria Tonkinson,34,atonkinson9u@hp.com,Female,Albania,Data Coordinator,6925
Giorgio O'Glessane,89,goglessane9v@jimdo.com,Male,Indonesia,Compensation Analyst,9390
Orlan Mityushin,79,omityushin9w@myspace.com,Male,China,Administrative Assistant III,3024
Arabelle Haizelden,86,ahaizelden9x@java.com,Female,Belarus,Recruiting Manager,7473
Collin Colby,21,ccolby9y@homestead.com,Male,Ireland,Business Systems Development Analyst,7694
Tilly Bearman,42,tbearman9z@blogtalkradio.com,Genderqueer,Poland,Office Assistant IV,1502
Ibbie Schoffler,44,ischofflera0@marketwatch.com,Female,Egypt,Research Assistant I,2190
Kent Rupp,74,kruppa1@wired.com,Male,Poland,VP Quality Control,6164
Ruggiero Greatorex,58,rgreatorexa2@xing.com,Male,France,Staff Scientist,3798
Miriam Glasspool,48,mglasspoola3@twitter.com,Agender,Vietnam,Web Designer I,2565
Brinna Tonbridge,69,btonbridgea4@woothemes.com,Female,Sudan,VP Product Management,9623
Harlan Edgerly,63,hedgerlya5@yahoo.com,Male,Ghana,Systems Administrator II,3779
Dosi Floweth,57,dflowetha6@behance.net,Female,Lesotho,Dental Hygienist,2992
Shaun Tutton,24,stuttona7@narod.ru,Female,Peru,Senior Sales Associate,5432
Dud Kempstone,44,dkempstonea8@baidu.com,Male,China,Senior Financial Analyst,8860
Pierre Runsey,57,prunseya9@weebly.com,Male,Russia,Product Engineer,4783
Bernelle Rothermel,13,brothermelaa@jigsy.com,Female,Philippines,Web Developer III,7523
Hamish Gilpillan,66,hgilpillanab@mapy.cz,Male,Czech Republic,Senior Quality Engineer,2571
Stanton Baldelli,75,sbaldelliac@booking.com,Male,Sweden,Statistician III,4177
Camilla Eginton,42,cegintonad@bandcamp.com,Female,North Korea,Human Resources Assistant III,6192
Ewart Tomczak,57,etomczakae@hugedomains.com,Genderqueer,Indonesia,Recruiting Manager,6465
Stuart Meriguet,48,smeriguetaf@1688.com,Male,China,Analyst Programmer,6394
Alastair Surby,67,asurbyag@google.ru,Male,China,Data Coordinator,2774
Kirsten Clipson,9,kclipsonah@twitpic.com,Agender,Rwanda,Technical Writer,6124
Merv Stratiff,36,mstratiffai@gnu.org,Male,Ukraine,Help Desk Technician,1919
Smith Bes,9,sbesaj@gnu.org,Male,Yemen,Nurse Practicioner,8250
Boy Escoffier,2,bescoffierak@360.cn,Non-binary,Israel,Systems Administrator III,4858
Shaylyn Denacamp,9,sdenacampal@wp.com,Female,Czech Republic,Web Developer II,3643
Heather Lampart,12,hlampartam@cafepress.com,Female,Saudi Arabia,Account Executive,6951
Nehemiah Waddoups,3,nwaddoupsan@behance.net,Male,China,Safety Technician IV,2994
Andromache Howling,44,ahowlingao@tiny.cc,Agender,Argentina,Staff Accountant I,2670
Vernor Frostdicke,84,vfrostdickeap@barnesandnoble.com,Genderfluid,Greece,Research Associate,3508
Vlad Quilleash,38,vquilleashaq@archive.org,Male,Indonesia,Civil Engineer,2923
Cassandry Petrolli,45,cpetrolliar@twitter.com,Genderqueer,Guatemala,Staff Accountant III,8189
Ansel Hostan,6,ahostanas@issuu.com,Male,China,Media Manager I,4408
Bonni MacHoste,89,bmachosteat@msu.edu,Female,Chile,VP Sales,9757
Glyn Dorian,71,gdorianau@sakura.ne.jp,Female,Ireland,Senior Quality Engineer,2634
Brigham Week,70,bweekav@vk.com,Male,Iran,Graphic Designer,5134
Leonidas McGall,90,lmcgallaw@skype.com,Male,China,Web Designer IV,5387
Mick Twentyman,87,mtwentymanax@nhs.uk,Genderqueer,Philippines,Human Resources Assistant I,9971
Orin Klemke,40,oklemkeay@a8.net,Male,Armenia,Information Systems Manager,2208
Philippine Harroll,30,pharrollaz@cnn.com,Female,Indonesia,Research Assistant III,950
Ronna Mundle,28,rmundleb0@example.com,Female,United States,Associate Professor,9231
Ric Bannard,68,rbannardb1@skyrock.com,Male,France,Community Outreach Specialist,4631
Carmencita Jacobowitz,21,cjacobowitzb2@smh.com.au,Female,Canada,Human Resources Manager,6891
Ame Moulding,5,amouldingb3@webnode.com,Female,China,Editor,8474
Juanita Keggin,24,jkegginb4@tmall.com,Female,France,Junior Executive,4267
Karlotta Jimson,81,kjimsonb5@tinyurl.com,Polygender,Tunisia,Internal Auditor,9114
Ilario Donkersley,33,idonkersleyb6@adobe.com,Male,Peru,Environmental Specialist,1992
Royal Bamell,14,rbamellb7@youku.com,Male,Albania,Operator,9659
Bryce Thiese,43,bthieseb8@skype.com,Male,Philippines,Assistant Manager,8093
Kearney Di Antonio,56,kdib9@surveymonkey.com,Male,Ireland,Quality Control Specialist,1310
Rosina Tuke,72,rtukeba@angelfire.com,Female,China,Assistant Media Planner,1497
Ina McKern,14,imckernbb@instagram.com,Female,Portugal,Structural Analysis Engineer,8594
Merrill Cattini,58,mcattinibc@i2i.jp,Male,Brazil,Staff Scientist,7858
Isidor Browett,23,ibrowettbd@dailymotion.com,Male,China,VP Quality Control,2217
Glynda Divisek,57,gdivisekbe@sohu.com,Female,Japan,Senior Editor,1722
Ansel Waberer,27,awabererbf@virginia.edu,Genderqueer,China,Technical Writer,6757
Hilario Cay,39,hcaybg@cisco.com,Male,Philippines,Biostatistician IV,1480
Sherwynd Hearnden,83,shearndenbh@jalbum.net,Male,Belarus,Database Administrator II,9536
Debra Petracek,61,dpetracekbi@nifty.com,Female,China,Civil Engineer,8490
Giulia Shuxsmith,81,gshuxsmithbj@meetup.com,Female,Russia,Senior Cost Accountant,7524
Barde McPhail,78,bmcphailbk@archive.org,Male,China,Account Representative I,6660
Elianore Sarge,78,esargebl@webmd.com,Female,Indonesia,Desktop Support Technician,7609
Cayla Burtwell,69,cburtwellbm@sciencedirect.com,Female,Portugal,Senior Quality Engineer,3274
Meghan Barnes,19,mbarnesbn@wsj.com,Female,Brazil,Human Resources Assistant III,7931
Gonzales Maultby,44,gmaultbybo@pagesperso-orange.fr,Male,Croatia,Business Systems Development Analyst,7935
Trudey Haysman,30,thaysmanbp@auda.org.au,Female,Portugal,Librarian,875
Bryan Kimber,21,bkimberbq@comcast.net,Male,Ukraine,Media Manager IV,9897
Rebbecca Teacy,43,rteacybr@netscape.com,Female,Philippines,Software Consultant,2024
Valene Dobble,42,vdobblebs@cdc.gov,Female,Russia,Environmental Tech,9925
Merrili Popeley,14,mpopeleybt@g.co,Female,Mexico,Human Resources Manager,3326
Mickey Serjent,44,mserjentbu@vinaora.com,Male,Ukraine,Librarian,1781
Hedvige Leon,63,hleonbv@marketwatch.com,Female,Russia,Quality Control Specialist,8815
Ysabel McOwan,37,ymcowanbw@altervista.org,Female,Canada,Account Representative IV,6128
Winnie Tremlett,66,wtremlettbx@tripod.com,Male,Tanzania,General Manager,5589
Lucille Klempke,81,lklempkeby@stanford.edu,Non-binary,Armenia,Recruiter,1702
George Gebb,47,ggebbbz@dot.gov,Female,China,VP Accounting,5095
Cari Fidler,21,cfidlerc0@slashdot.org,Female,Cameroon,Librarian,9152
Rodolphe Knighton,14,rknightonc1@deliciousdays.com,Male,China,Geological Engineer,1283
Davida Westpfel,78,dwestpfelc2@surveymonkey.com,Female,China,Programmer III,1724
Boyd Elph,14,belphc3@theguardian.com,Male,Indonesia,Assistant Professor,9957
Carlos Bembridge,85,cbembridgec4@examiner.com,Male,Canada,Geologist I,3939
Deloris Balffye,58,dbalffyec5@woothemes.com,Female,Malaysia,GIS Technical Architect,1093
Nita Di Gregorio,69,ndic6@bizjournals.com,Female,France,Biostatistician II,3101
Bay Edgeon,44,bedgeonc7@usatoday.com,Male,Czech Republic,Internal Auditor,5926
Patrica Lamball,29,plamballc8@ed.gov,Female,Finland,Marketing Manager,4634
Mariya Drakeford,84,mdrakefordc9@seesaa.net,Female,China,Environmental Specialist,1296
Cherice Outerbridge,41,couterbridgeca@eventbrite.com,Female,Sweden,Technical Writer,5522
Michale Garnsey,8,mgarnseycb@imgur.com,Male,China,Account Representative IV,6138
Phillida Lansberry,59,plansberrycc@tumblr.com,Female,Ireland,Software Test Engineer IV,5525
Ashbey Hurdiss,38,ahurdisscd@dmoz.org,Male,China,Community Outreach Specialist,7528
Andy Gawith,17,agawithce@ning.com,Male,Indonesia,Legal Assistant,5247
Timothee Nicol,71,tnicolcf@slideshare.net,Male,Philippines,Quality Engineer,988
Velvet Torel,47,vtorelcg@pcworld.com,Female,China,Librarian,3561
Florentia Jelley,37,fjelleych@w3.org,Female,China,Professor,8826
Callie Zupone,2,czuponeci@pinterest.com,Female,United States,VP Product Management,5583
Melania Besson,11,mbessoncj@spiegel.de,Female,Russia,Software Consultant,7970
Barbie Haulkham,81,bhaulkhamck@mit.edu,Bigender,Peru,Sales Representative,8477
Paola Oury,38,pourycl@tripadvisor.com,Genderfluid,Syria,Professor,6571
Estella Fawcett,45,efawcettcm@google.com.br,Female,Philippines,Geologist I,2335
Melicent Penketh,83,mpenkethcn@etsy.com,Female,China,Nurse,7015
Kessiah Jessup,67,kjessupco@merriam-webster.com,Female,Myanmar,Associate Professor,2949
Pru MacKissack,69,pmackissackcp@redcross.org,Female,China,Software Engineer II,6927
Maryellen Conachy,14,mconachycq@pen.io,Female,Poland,Editor,4817
Nessy Bretton,53,nbrettoncr@nationalgeographic.com,Agender,Palestinian Territory,Director of Sales,6236
Allis Clappison,17,aclappisoncs@pinterest.com,Female,Nigeria,Librarian,4317
Bobbie MacNeilage,45,bmacneilagect@angelfire.com,Bigender,Honduras,Design Engineer,5359
Ahmad Daymond,72,adaymondcu@sina.com.cn,Bigender,Venezuela,VP Quality Control,5563
Eimile Ashlin,50,eashlincv@seesaa.net,Female,Bolivia,Product Engineer,2841
Horace Malecky,64,hmaleckycw@booking.com,Male,Sweden,Senior Quality Engineer,8206
Thatcher Dobrowski,74,tdobrowskicx@berkeley.edu,Polygender,Philippines,Administrative Assistant II,2981
Ferguson Ledrane,31,fledranecy@un.org,Male,Malaysia,Pharmacist,5030
Bartlet Buckoke,50,bbuckokecz@blogtalkradio.com,Male,Indonesia,VP Sales,8405
Benedetto Ditchfield,23,bditchfieldd0@simplemachines.org,Male,South Sudan,Professor,9270
Patric Cristofaro,7,pcristofarod1@sphinn.com,Male,Palestinian Territory,Statistician III,9241
Edan McKiddin,59,emckiddind2@statcounter.com,Male,Mali,Systems Administrator III,3707
Tybi Aubery,79,tauberyd3@amazon.de,Female,Russia,Paralegal,5704
Nessi Bradtke,50,nbradtked4@hatena.ne.jp,Agender,United Kingdom,Quality Control Specialist,9490
Claudian Gligorijevic,73,cgligorijevicd5@mac.com,Male,France,Sales Associate,3853
Brendan Heugle,25,bheugled6@usnews.com,Male,Croatia,Office Assistant III,2558
Waldemar Blacksell,1,wblackselld7@webmd.com,Male,Philippines,Structural Engineer,8154
Lenore Undy,53,lundyd8@sourceforge.net,Female,China,Technical Writer,7103
Thoma Bartels-Ellis,27,tbartelsellisd9@lulu.com,Male,Brazil,Account Coordinator,5239
Lexie Merrison,4,lmerrisonda@mail.ru,Female,Russia,Nurse Practicioner,4901
Fay Goane,3,fgoanedb@edublogs.org,Female,China,Recruiting Manager,2192
Gale Carlile,6,gcarliledc@google.pl,Female,Russia,Administrative Assistant II,4031
Andris Bliven,42,ablivendd@4shared.com,Male,Kyrgyzstan,Structural Analysis Engineer,4686
Ros Jackett,19,rjackettde@skype.com,Female,Indonesia,Tax Accountant,4560
Adora Pountney,58,apountneydf@bbb.org,Female,Indonesia,Payment Adjustment Coordinator,7690
Olav MacGinley,84,omacginleydg@sakura.ne.jp,Male,Czech Republic,Data Coordinator,7477
Kalle Chesters,77,kchestersdh@linkedin.com,Male,Russia,Senior Editor,7939
Auroora Jaksic,32,ajaksicdi@shinystat.com,Female,France,Senior Developer,9380
Arni Sidworth,80,asidworthdj@infoseek.co.jp,Male,Russia,Biostatistician II,6941
Antoinette Heinl,28,aheinldk@hao123.com,Female,Indonesia,Graphic Designer,8261
Boycey Hemphill,65,bhemphilldl@imgur.com,Male,Burkina Faso,Web Designer I,6104
Lilli Brill,86,lbrilldm@freewebs.com,Female,China,Electrical Engineer,5268
Siffre Pinckney,47,spinckneydn@pen.io,Genderfluid,China,Media Manager III,3973
Mira Tremain,42,mtremaindo@ovh.net,Female,Russia,Software Consultant,2523
Jonas Shickle,17,jshickledp@unesco.org,Male,Brazil,Marketing Assistant,6448
Leola Matejic,46,lmatejicdq@goo.gl,Female,Indonesia,Help Desk Technician,9587
Dina Rickertsen,78,drickertsendr@unc.edu,Female,China,Web Developer I,5024
Stevie Macek,82,smacekds@goo.gl,Male,Russia,Structural Analysis Engineer,8158
Cherlyn Beadon,79,cbeadondt@reference.com,Female,Russia,Health Coach IV,4518
Drusilla Burnsides,80,dburnsidesdu@nyu.edu,Female,Philippines,Actuary,4949
Keir O'Driscole,44,kodriscoledv@biglobe.ne.jp,Genderqueer,Kazakhstan,Computer Systems Analyst III,6881
Miranda Stiger,64,mstigerdw@japanpost.jp,Female,Poland,Executive Secretary,8156
Lucais Sword,65,lsworddx@mlb.com,Male,Philippines,Senior Financial Analyst,7397
Deeanne McOmish,65,dmcomishdy@discovery.com,Female,Palestinian Territory,Help Desk Operator,4621
Gib Easthope,11,geasthopedz@ibm.com,Male,Nigeria,Nurse Practicioner,831
Fanechka St Leger,84,fste0@creativecommons.org,Female,China,Community Outreach Specialist,8070
Minne Lincke,59,mlinckee1@columbia.edu,Female,Thailand,Analyst Programmer,8239
Quinlan Petrou,53,qpetroue2@ning.com,Male,South Africa,Budget/Accounting Analyst IV,806
Pam Hollyard,27,phollyarde3@wikipedia.org,Female,Mauritius,Help Desk Operator,8136
Katlin Bernakiewicz,37,kbernakiewicze4@dagondesign.com,Female,Armenia,Registered Nurse,2064
Rowen Meaney,9,rmeaneye5@naver.com,Polygender,Russia,Software Engineer I,8403
Harris Eccles,4,hecclese6@msu.edu,Male,Belarus,Senior Sales Associate,6917
Gwyn Ades,19,gadese7@comsenz.com,Female,Thailand,Junior Executive,2488
Darice Balfour,11,dbalfoure8@photobucket.com,Female,Syria,Statistician III,6781
Corbett Pudsey,70,cpudseye9@answers.com,Male,China,Environmental Tech,5996
Hazlett Lies,72,hliesea@shop-pro.jp,Male,Indonesia,Senior Quality Engineer,3676
Tully Morgan,28,tmorganeb@ow.ly,Male,Indonesia,Office Assistant III,3257
Moss Bertomier,42,mbertomierec@cnn.com,Male,Poland,Help Desk Technician,8602
Estel Strognell,74,estrognelled@mlb.com,Female,Brazil,Tax Accountant,7755
Izzy Massimo,32,imassimoee@lulu.com,Male,Peru,Administrative Officer,7384
Tally Sexon,50,tsexonef@cpanel.net,Female,China,Compensation Analyst,2538
Jaye Coxall,88,jcoxalleg@wunderground.com,Polygender,Liberia,VP Product Management,4036
Stella Aronson,90,saronsoneh@yellowbook.com,Bigender,Canada,Financial Analyst,959
Griz Ugoni,27,gugoniei@networksolutions.com,Male,Poland,Budget/Accounting Analyst II,3170
Laural Fintoph,67,lfintophej@dedecms.com,Female,Russia,Account Executive,8384
Marion Darrigone,41,mdarrigoneek@unblog.fr,Male,Sweden,Account Executive,8705
Linoel Verry,59,lverryel@g.co,Male,Sweden,Biostatistician III,2724
Guendolen Temperton,4,gtempertonem@php.net,Female,Philippines,Project Manager,5451
Georas Reily,54,greilyen@privacy.gov.au,Male,Mexico,Data Coordinator,1246
Marshal Keggin,24,mkeggineo@discovery.com,Male,Colombia,Civil Engineer,3651
Daveen Hurcombe,72,dhurcombeep@etsy.com,Female,Sweden,Design Engineer,4441
Alf Corrington,87,acorringtoneq@a8.net,Male,Portugal,Systems Administrator I,3500
Joyous Duhig,36,jduhiger@microsoft.com,Female,Syria,Structural Analysis Engineer,8062
Eugine Archanbault,81,earchanbaultes@comsenz.com,Female,Japan,Safety Technician III,8613
Katha Grenshields,26,kgrenshieldset@chron.com,Female,China,Social Worker,4082
Kitti Marousek,65,kmarousekeu@cmu.edu,Female,Brazil,Account Executive,1702
Alonzo Smogur,81,asmogurev@cnn.com,Male,Indonesia,Biostatistician II,5876
Tess Coombs,64,tcoombsew@engadget.com,Female,Venezuela,Physical Therapy Assistant,2767
Marion Nortcliffe,37,mnortcliffeex@yahoo.co.jp,Female,Sweden,Accountant II,1123
Lombard Ivens,10,livensey@4shared.com,Male,China,Data Coordinator,7596
Julissa Angliss,11,janglissez@1und1.de,Genderfluid,Portugal,Staff Accountant IV,7523
Wait Sutliff,47,wsutlifff0@goo.gl,Male,Croatia,Tax Accountant,5190
Viva Thorald,35,vthoraldf1@hubpages.com,Female,Brazil,Senior Cost Accountant,7672
Kessiah Neighbour,82,kneighbourf2@oakley.com,Female,Uzbekistan,VP Marketing,1912
Emmalyn Hagwood,37,ehagwoodf3@tripod.com,Female,United States,Staff Accountant I,7420
Aili Metson,45,ametsonf4@angelfire.com,Female,Colombia,Assistant Media Planner,6186
Shanan Lumsdon,60,slumsdonf5@bluehost.com,Male,Norway,Human Resources Assistant III,7462
Paulie Windsor,50,pwindsorf6@dell.com,Female,Poland,Software Engineer IV,3238
Elnar Canham,43,ecanhamf7@mac.com,Male,Japan,Food Chemist,5103
Rafferty Slowley,27,rslowleyf8@twitter.com,Male,China,Internal Auditor,1868
Hermon Tonna,81,htonnaf9@chronoengine.com,Male,Russia,Computer Systems Analyst III,6191
Mayne Renish,88,mrenishfa@wordpress.com,Male,Indonesia,Editor,6488
Zachary Gerren,4,zgerrenfb@yahoo.co.jp,Male,China,Pharmacist,4762
Hadria Figger,11,hfiggerfc@nature.com,Female,Malaysia,Occupational Therapist,5892
Diena Pillington,49,dpillingtonfd@java.com,Female,Indonesia,Registered Nurse,2120
Judi Espasa,2,jespasafe@devhub.com,Female,Indonesia,Social Worker,5889
Walther Cawker,79,wcawkerff@barnesandnoble.com,Male,Indonesia,General Manager,6766
Josephina Minnis,48,jminnisfg@theatlantic.com,Female,Indonesia,Legal Assistant,1753
Elmo Elphick,6,eelphickfh@unesco.org,Bigender,Indonesia,Research Assistant IV,3128
Oberon Blaszczynski,44,oblaszczynskifi@paypal.com,Male,East Timor,Assistant Professor,7691
Alia Habbema,16,ahabbemafj@umn.edu,Female,Russia,Accountant II,7024
Gerda Martinets,35,gmartinetsfk@freewebs.com,Female,Honduras,Registered Nurse,7366
Cordey Osmond,68,cosmondfl@amazon.co.jp,Female,Indonesia,Assistant Professor,6484
Corri Charke,34,ccharkefm@scientificamerican.com,Female,Canada,Administrative Assistant III,4381
Christoper Verdey,77,cverdeyfn@drupal.org,Male,Indonesia,Software Engineer I,5628
Swen Basden,63,sbasdenfo@cdc.gov,Male,China,VP Product Management,5939
Natty Schustl,5,nschustlfp@ovh.net,Female,Peru,Biostatistician II,6997
Lawton Snookes,77,lsnookesfq@theguardian.com,Male,Indonesia,Librarian,2572
Dar Bamber,19,dbamberfr@fema.gov,Male,Azerbaijan,Clinical Specialist,2130
Tawsha Shreve,60,tshrevefs@psu.edu,Female,Russia,Data Coordinator,2347
Dannie Brauninger,30,dbrauningerft@ed.gov,Female,Portugal,Health Coach III,5129
Marilee Kleine,55,mkleinefu@cargocollective.com,Female,China,Technical Writer,8854
Charlene Geare,38,cgearefv@imdb.com,Female,Greenland,Software Consultant,9070
Granger Nuschke,60,gnuschkefw@pcworld.com,Male,Indonesia,Recruiter,3330
Brinn O'Cooney,26,bocooneyfx@bravesites.com,Female,Russia,Physical Therapy Assistant,9215
Jobie Daymond,19,jdaymondfy@usatoday.com,Female,Russia,Social Worker,7078
Veronika Duthie,63,vduthiefz@wordpress.com,Female,China,Project Manager,5035
Spenser Stoving,40,sstovingg0@istockphoto.com,Male,Iran,Nurse Practicioner,8611
Alfonse Fyall,19,afyallg1@spotify.com,Male,Greece,Staff Accountant I,3523
Ray Ricciardo,49,rricciardog2@sogou.com,Male,China,Environmental Specialist,7290
Tudor McGlue,18,tmcglueg3@devhub.com,Male,United Kingdom,Associate Professor,7917
Wade Balding,29,wbaldingg4@furl.net,Male,Thailand,Paralegal,4244
Eldon Deveraux,23,edeverauxg5@live.com,Male,China,Account Representative II,8373
Berky Cattrell,59,bcattrellg6@nbcnews.com,Polygender,Yemen,Accounting Assistant II,7695
Hildagarde Andrini,73,handrinig7@constantcontact.com,Female,Philippines,Graphic Designer,7165
Pavel Najara,67,pnajarag8@toplist.cz,Male,Russia,Sales Associate,9620
Felice Idill,45,fidillg9@home.pl,Female,Mexico,Account Representative II,3400
Hilde Stennes,6,hstennesga@yahoo.co.jp,Female,Austria,Marketing Assistant,8306
Susana Peche,73,spechegb@pen.io,Female,Japan,Help Desk Operator,6164
Stephanus Warrior,86,swarriorgc@nba.com,Male,China,Web Designer III,1578
Lefty Nielson,72,lnielsongd@paypal.com,Male,Netherlands,Budget/Accounting Analyst I,8976
Ana Carwithen,21,acarwithenge@umich.edu,Female,Russia,Registered Nurse,3018
Tremayne Loachhead,22,tloachheadgf@elegantthemes.com,Male,Indonesia,Project Manager,7643
Brucie Reckhouse,10,breckhousegg@networksolutions.com,Agender,Latvia,Software Consultant,5075
Emmalynn Shuter,81,eshutergh@tuttocitta.it,Female,Portugal,Graphic Designer,5991
Gilli Stadden,80,gstaddengi@google.es,Female,South Africa,Web Designer II,4588
Anni Dubois,76,aduboisgj@tripod.com,Female,China,Health Coach IV,5555
Del Matzel,79,dmatzelgk@purevolume.com,Female,Brazil,Librarian,2824
Wynny Tabard,51,wtabardgl@com.com,Female,Poland,Web Designer IV,8053
Mignon Giffon,44,mgiffongm@time.com,Female,China,Analog Circuit Design manager,5990
Isabel Culbard,13,iculbardgn@cmu.edu,Female,United States,Media Manager I,3648
Lewie Pinkard,54,lpinkardgo@canalblog.com,Male,Indonesia,Human Resources Assistant II,6273
Milena Fergusson,63,mfergussongp@nasa.gov,Agender,China,Accounting Assistant III,6183
Adan Feavyour,21,afeavyourgq@ebay.co.uk,Male,Czech Republic,VP Sales,5923
Connie Lemmanbie,15,clemmanbiegr@etsy.com,Female,Colombia,Human Resources Manager,2938
Simeon Margery,13,smargerygs@vinaora.com,Male,China,Budget/Accounting Analyst III,6335
Jilly Hinckley,9,jhinckleygt@irs.gov,Female,China,Executive Secretary,5204
Kristoforo Godfroy,5,kgodfroygu@cnn.com,Non-binary,Russia,Web Developer II,5839
Carolina Blesdill,82,cblesdillgv@123-reg.co.uk,Female,Indonesia,Civil Engineer,5741
Appolonia Wilkins,90,awilkinsgw@fema.gov,Female,China,Engineer I,7304
Kristofer Bercevelo,45,kbercevelogx@noaa.gov,Polygender,Spain,Research Nurse,9794
Brittney Foyston,9,bfoystongy@house.gov,Female,Peru,Structural Engineer,8250
Nickola Duddridge,1,nduddridgegz@cbc.ca,Male,Indonesia,Assistant Media Planner,6984
Agustin Benton,82,abentonh0@sogou.com,Male,China,Environmental Specialist,6863
Neron Roistone,48,nroistoneh1@xrea.com,Male,Russia,VP Marketing,9597
Niall Tuckie,49,ntuckieh2@xinhuanet.com,Male,China,Systems Administrator IV,9823
Adelina Giamo,74,agiamoh3@apache.org,Female,Azerbaijan,Human Resources Manager,7056
Dorelle Hannaford,83,dhannafordh4@amazon.co.jp,Female,Italy,Statistician II,5864
Alyosha Seeds,39,aseedsh5@oaic.gov.au,Male,Argentina,Senior Quality Engineer,9612
Wade Simchenko,4,wsimchenkoh6@nature.com,Male,Indonesia,Software Engineer III,8121
Crystal Birdwistle,21,cbirdwistleh7@apple.com,Female,Philippines,Software Consultant,7500
Bertrando Corwood,1,bcorwoodh8@state.gov,Male,Japan,Project Manager,8910
Dallon McAndie,52,dmcandieh9@twitpic.com,Male,United States,Research Nurse,5974
Ring Oswell,12,roswellha@samsung.com,Male,China,Clinical Specialist,1189
Doti Jagoe,21,djagoehb@cnbc.com,Female,Indonesia,Professor,7143
Munroe Glentworth,77,mglentworthhc@spiegel.de,Male,Russia,Tax Accountant,7861
Winnie Sevitt,56,wsevitthd@myspace.com,Male,Greece,Sales Associate,5825
Armando Bortol,59,abortolhe@dion.ne.jp,Male,Nauru,Chief Design Engineer,8006
Welbie Narraway,6,wnarrawayhf@cnn.com,Male,Indonesia,Legal Assistant,3405
Hinze Boog,28,hbooghg@flickr.com,Male,China,Automation Specialist III,7163
Emmott Duchatel,21,educhatelhh@china.com.cn,Male,Philippines,Environmental Tech,9517
Rodney Desaur,17,rdesaurhi@cisco.com,Male,Indonesia,Senior Sales Associate,3296
Meghann Ethington,77,methingtonhj@ustream.tv,Female,Mexico,Software Engineer III,9193
Prudence Goldfinch,41,pgoldfinchhk@wired.com,Female,Japan,Biostatistician II,1958
Tedmund Tennison,35,ttennisonhl@alexa.com,Male,China,Accounting Assistant I,8920
Callie Gosford,26,cgosfordhm@mashable.com,Genderqueer,Poland,Safety Technician I,5023
Beck Lonnon,30,blonnonhn@hibu.com,Male,Serbia,Financial Analyst,6881
Kore Chatell,69,kchatellho@msn.com,Female,Philippines,Research Assistant I,5355
Fernando Stonary,75,fstonaryhp@mlb.com,Polygender,Philippines,Account Executive,6296
Albie Seary,71,asearyhq@networkadvertising.org,Male,Sweden,VP Accounting,7562
Jenine MacMillan,61,jmacmillanhr@deviantart.com,Female,Indonesia,Statistician I,9241
Rozella Blodgetts,2,rblodgettshs@wikimedia.org,Female,Nigeria,Programmer Analyst IV,9898
Lona Rannald,43,lrannaldht@weibo.com,Female,Bosnia and Herzegovina,Accountant IV,7795
Martynne Weddeburn,3,mweddeburnhu@guardian.co.uk,Female,Indonesia,Executive Secretary,4640
Alta Barbe,13,abarbehv@domainmarket.com,Female,Philippines,Automation Specialist IV,1777
Flynn Cahn,72,fcahnhw@usnews.com,Male,Colombia,Senior Editor,4922
Lanita Halton,9,lhaltonhx@last.fm,Female,Czech Republic,Budget/Accounting Analyst I,6160
Hilton Merrien,25,hmerrienhy@netlog.com,Male,China,Registered Nurse,2273
Shelby Faughey,38,sfaugheyhz@intel.com,Male,China,Senior Editor,7955
Jacquenetta Stoter,66,jstoteri0@hhs.gov,Female,Panama,Senior Editor,7604
Paloma Towns,81,ptownsi1@skype.com,Female,France,Health Coach II,1029
Clem Bentinck,38,cbentincki2@buzzfeed.com,Male,China,Account Coordinator,7348
Lem Stockney,70,lstockneyi3@jalbum.net,Male,China,Nuclear Power Engineer,1576
Adolphus Eggerton,71,aeggertoni4@wired.com,Male,Colombia,Assistant Professor,4581
Donnie Falkingham,24,dfalkinghami5@hao123.com,Polygender,China,Professor,2490
Etty Rickford,25,erickfordi6@lycos.com,Genderfluid,Czech Republic,Human Resources Assistant I,8360
Amory Forward,31,aforwardi7@merriam-webster.com,Male,China,Assistant Media Planner,5419
Jamey Blatcher,75,jblatcheri8@webmd.com,Male,Indonesia,Design Engineer,9766
Kelci Ousley,50,kousleyi9@soundcloud.com,Female,Indonesia,Physical Therapy Assistant,4202
Domingo Danielsky,6,ddanielskyia@ucoz.ru,Male,Brazil,Senior Developer,876
Shelley Epgrave,80,sepgraveib@hud.gov,Non-binary,Palestinian Territory,Associate Professor,8701
Sebastien Vondrasek,90,svondrasekic@forbes.com,Male,Brazil,Structural Analysis Engineer,2185
Elroy Crumpton,23,ecrumptonid@last.fm,Male,Russia,Research Associate,9372
Mirabelle Readwin,3,mreadwinie@g.co,Female,Belarus,Programmer Analyst III,5464
Danika Gresswell,67,dgresswellif@163.com,Female,South Korea,Design Engineer,1815
Emalee O'Gleasane,29,eogleasaneig@odnoklassniki.ru,Female,Belarus,Senior Cost Accountant,2369
Siouxie Dreus,13,sdreusih@bloglovin.com,Female,Ukraine,Recruiter,3198
Graig Crighten,42,gcrightenii@i2i.jp,Male,Indonesia,Accountant III,3394
Nerta Gabbitis,27,ngabbitisij@goo.gl,Female,Poland,Nurse Practicioner,1829
Egor Bantham,41,ebanthamik@examiner.com,Male,Tanzania,GIS Technical Architect,4926
Aridatha Hammel,5,ahammelil@arstechnica.com,Agender,China,Staff Scientist,887
Peder Ives,48,pivesim@cafepress.com,Male,China,Assistant Manager,3889
Emilia Kepp,13,ekeppin@macromedia.com,Non-binary,Indonesia,Actuary,7951
Faye Tumioto,29,ftumiotoio@arizona.edu,Female,China,Design Engineer,3816
Candace Fittis,10,cfittisip@jugem.jp,Female,Morocco,Junior Executive,9066
Agnella Osband,6,aosbandiq@woothemes.com,Female,Indonesia,Quality Control Specialist,2581
Francis Bricknell,29,fbricknellir@prlog.org,Male,Greece,Chemical Engineer,4020
Ora Jenkyn,74,ojenkynis@tuttocitta.it,Female,Japan,VP Quality Control,1757
Dasha Ruzek,43,druzekit@washington.edu,Non-binary,China,VP Accounting,9502
Fanny Geator,29,fgeatoriu@adobe.com,Female,Iraq,Developer III,2134
Nerita Von Gladbach,7,nvoniv@fda.gov,Female,Nigeria,Nurse,6604
Sol Easterling,7,seasterlingiw@macromedia.com,Male,Croatia,Environmental Tech,9616
Ilyse Stegell,22,istegellix@wordpress.org,Female,France,Account Representative II,5823
Phillip Zarfat,88,pzarfatiy@webmd.com,Male,Russia,Speech Pathologist,1064
Eadie Bowker,23,ebowkeriz@newyorker.com,Female,China,GIS Technical Architect,9995
Elihu Casetta,59,ecasettaj0@1und1.de,Male,United States,Computer Systems Analyst I,8317
Alfonse Luke,65,alukej1@myspace.com,Male,Niger,Design Engineer,3279
Damiano Swale,76,dswalej2@gov.uk,Genderfluid,Indonesia,Mechanical Systems Engineer,3930
Baird Brahan,24,bbrahanj3@cafepress.com,Male,China,Engineer III,1093
Wendall Vescovini,89,wvescovinij4@wisc.edu,Male,Portugal,Account Coordinator,2185
Jonathon Aphale,5,japhalej5@exblog.jp,Agender,China,Senior Cost Accountant,4424
Humfrid Weiser,34,hweiserj6@vkontakte.ru,Male,North Korea,Marketing Assistant,8374
Lyon Cheverton,49,lchevertonj7@xinhuanet.com,Male,Gabon,VP Marketing,5518
Zacharia Raeside,17,zraesidej8@netlog.com,Male,Sweden,VP Product Management,4348
Cristiano Whilde,90,cwhildej9@sakura.ne.jp,Male,Croatia,Cost Accountant,2701
Jada Weatherhead,68,jweatherheadja@edublogs.org,Female,Philippines,Marketing Manager,848
Barron Trenear,32,btrenearjb@networksolutions.com,Male,Iran,Programmer Analyst IV,1078
Diena McPherson,57,dmcphersonjc@bandcamp.com,Female,Indonesia,Web Designer III,4284
Pavel Twigge,23,ptwiggejd@noaa.gov,Male,China,Senior Cost Accountant,3752
Sallee Britnell,28,sbritnellje@wiley.com,Female,China,Associate Professor,1830
Marv Hostan,31,mhostanjf@ted.com,Male,Ukraine,VP Marketing,9627
Gabby Isacq,34,gisacqjg@pinterest.com,Male,China,Accounting Assistant IV,1367
Avis O'Breen,78,aobreenjh@altervista.org,Female,China,Electrical Engineer,7101
Florian Creany,82,fcreanyji@army.mil,Male,Czech Republic,Sales Representative,6899
Constancy Emanson,46,cemansonjj@arstechnica.com,Female,Indonesia,Software Engineer I,4043
Thorn Mikalski,49,tmikalskijk@arstechnica.com,Male,France,Junior Executive,4808
Harlen McTague,41,hmctaguejl@flickr.com,Male,Sweden,Teacher,5145
Darius Beven,57,dbevenjm@uol.com.br,Male,China,Civil Engineer,4596
Chet Gabler,18,cgablerjn@webmd.com,Male,China,Accountant II,7425
Olav Pinson,27,opinsonjo@patch.com,Male,Brazil,Senior Financial Analyst,9087
Debera Negus,71,dnegusjp@altervista.org,Female,Brazil,Research Nurse,2411
Elspeth Giraldo,78,egiraldojq@issuu.com,Female,Indonesia,Environmental Specialist,9549
Logan Blare,60,lblarejr@meetup.com,Male,Japan,Product Engineer,8564
Marlyn Fishenden,17,mfishendenjs@cbsnews.com,Female,Indonesia,Marketing Assistant,4928
Minni Shapero,13,mshaperojt@disqus.com,Female,Czech Republic,Graphic Designer,5214
Vale Tyrer,44,vtyrerju@noaa.gov,Male,Indonesia,VP Product Management,6431
Dill Kilroy,85,dkilroyjv@smh.com.au,Male,Sweden,Programmer I,867
Barb Pomphrey,32,bpomphreyjw@yahoo.co.jp,Female,Gambia,Registered Nurse,8776
Cass Gorse,26,cgorsejx@census.gov,Male,Indonesia,Senior Editor,1888
Caitrin Victor,51,cvictorjy@ehow.com,Female,France,Office Assistant IV,9017
Dyan Sweed,17,dsweedjz@ucoz.com,Female,Netherlands,Senior Editor,2166
Shalne Hamill,59,shamillk0@chronoengine.com,Female,Indonesia,Recruiter,6853
Marika Flaune,20,mflaunek1@marketwatch.com,Female,Madagascar,Analog Circuit Design manager,9346
Grayce Slark,44,gslarkk2@hc360.com,Female,Philippines,Social Worker,3978
Angel Daudray,40,adaudrayk3@hc360.com,Male,Niger,Social Worker,9071
Eduard Merredy,3,emerredyk4@tamu.edu,Genderqueer,Sweden,Pharmacist,9274
Lutero Ollcott,86,lollcottk5@accuweather.com,Male,United States,Teacher,5019
Abby Alflat,85,aalflatk6@cocolog-nifty.com,Female,Egypt,Statistician I,6960
Bronson Murcott,7,bmurcottk7@deviantart.com,Male,Indonesia,Payment Adjustment Coordinator,6308
Gwenneth Ghelarducci,46,gghelarduccik8@list-manage.com,Agender,Indonesia,Accounting Assistant I,3220
Kristal Fried,13,kfriedk9@domainmarket.com,Genderfluid,Japan,Assistant Media Planner,3954
Jone Manuelli,75,jmanuellika@chicagotribune.com,Male,Philippines,Engineer II,8824
Devin Lademann,73,dlademannkb@washingtonpost.com,Male,China,Design Engineer,3153
Joanne Bonhomme,62,jbonhommekc@ftc.gov,Female,Philippines,Staff Scientist,7177
Dionisio Buchett,16,dbuchettkd@topsy.com,Male,Venezuela,Software Consultant,6361
Alexandr Elliman,49,aellimanke@qq.com,Male,Czech Republic,Database Administrator III,809
Elsy Willoughby,11,ewilloughbykf@digg.com,Female,France,Editor,892
Janene Harrisson,20,jharrissonkg@gizmodo.com,Female,Czech Republic,Assistant Manager,9771
Bertie Common,36,bcommonkh@buzzfeed.com,Female,France,Safety Technician IV,6152
Stillman Liverock,31,sliverockki@ihg.com,Male,Thailand,Marketing Manager,1115
Tull Chestle,20,tchestlekj@cafepress.com,Male,China,Physical Therapy Assistant,8841
Tanny Holstein,11,tholsteinkk@berkeley.edu,Male,Poland,Account Coordinator,4792
Cheri Perrott,31,cperrottkl@redcross.org,Female,Moldova,Actuary,9095
Roxanne Bremond,8,rbremondkm@ebay.co.uk,Female,Argentina,Data Coordinator,6969
Helaina Aucutt,71,haucuttkn@cnet.com,Female,Peru,Programmer II,4089
Foss Ovey,22,foveyko@oracle.com,Male,Madagascar,Dental Hygienist,6662
Bordy Baal,19,bbaalkp@techcrunch.com,Male,Russia,Dental Hygienist,4494
Sherri Fitzsymons,35,sfitzsymonskq@netlog.com,Female,Tanzania,Nurse Practicioner,4524
Corrie O'Lagene,17,colagenekr@oakley.com,Male,Kyrgyzstan,Assistant Media Planner,3647
Susan Cullrford,84,scullrfordks@yandex.ru,Female,Argentina,Media Manager I,1090
Isabelle Lehr,69,ilehrkt@behance.net,Female,Portugal,Business Systems Development Analyst,2396
Sianna Woolis,59,swoolisku@npr.org,Female,Russia,Web Developer II,9662
Ynez Skillicorn,39,yskillicornkv@quantcast.com,Female,Brazil,Librarian,7585
Bobby Kemmons,85,bkemmonskw@zimbio.com,Female,China,Accounting Assistant IV,5866
Adelina Chamberlain,28,achamberlainkx@marriott.com,Agender,Portugal,Electrical Engineer,5613
Oswell Merryfield,7,omerryfieldky@dot.gov,Male,Japan,Senior Sales Associate,7410
Miles Fenelow,28,mfenelowkz@reverbnation.com,Male,Philippines,Operator,6181
Anatol Caso,74,acasol0@cbc.ca,Male,Indonesia,Quality Engineer,1462
Noelani Couchman,59,ncouchmanl1@engadget.com,Female,Thailand,Financial Advisor,5702
Tracey Guthrum,16,tguthruml2@blinklist.com,Male,China,VP Quality Control,5920
Carlie Corney,58,ccorneyl3@stumbleupon.com,Male,Guatemala,Nurse,4694
Carlos Chamberlayne,62,cchamberlaynel4@hugedomains.com,Male,China,Help Desk Technician,8439
Feliza Hamnett,79,fhamnettl5@google.co.uk,Female,China,Software Test Engineer IV,4159
Cairistiona Chappell,70,cchappelll6@rediff.com,Female,China,Database Administrator II,1217
Louisa Baudi,24,lbaudil7@cbc.ca,Female,Macedonia,VP Accounting,1293
Fidelia Lovekin,83,flovekinl8@drupal.org,Female,China,Research Assistant I,4011
Basilius Jachimak,11,bjachimakl9@go.com,Male,Iran,Paralegal,8474
Kerwinn Gersam,19,kgersamla@chronoengine.com,Male,Russia,Developer II,6593
Holmes Simson,8,hsimsonlb@digg.com,Male,Canada,Actuary,3463
Edsel Sowersby,29,esowersbylc@google.fr,Male,Ireland,Quality Control Specialist,9742
Zara Oiller,21,zoillerld@seesaa.net,Female,China,Help Desk Operator,1347
Torrance Meenan,30,tmeenanle@ft.com,Male,United States,Account Coordinator,8863
Cassey Struys,59,cstruyslf@yandex.ru,Bigender,Argentina,Occupational Therapist,4442
Mattheus Dani,71,mdanilg@oakley.com,Male,Philippines,Accounting Assistant IV,4583
Hanson Yearby,78,hyearbylh@google.co.uk,Male,Russia,Computer Systems Analyst IV,5327
Debera Dunsleve,3,ddunsleveli@ebay.co.uk,Genderfluid,Argentina,Help Desk Operator,5115
Oralle Langdale,50,olangdalelj@mashable.com,Agender,China,Occupational Therapist,1240
Madge Chansonnau,64,mchansonnaulk@wufoo.com,Female,China,Web Designer III,3298
Isaiah Croasdale,21,icroasdalell@dell.com,Male,Argentina,Engineer I,8844
Giulia Jaquet,16,gjaquetlm@printfriendly.com,Female,Argentina,Account Coordinator,4229
Patricia Siward,47,psiwardln@woothemes.com,Female,China,Senior Financial Analyst,6536
Pancho Dibble,16,pdibblelo@xrea.com,Male,China,Information Systems Manager,5173
Nikolai Woolaghan,54,nwoolaghanlp@hibu.com,Male,Poland,Software Consultant,2031
Florentia Pevie,57,fpevielq@archive.org,Female,Canada,Engineer I,878
Wenonah Ellen,51,wellenlr@goo.ne.jp,Female,China,VP Quality Control,6156
Culley Towriss,35,ctowrissls@ycombinator.com,Male,United States,Analog Circuit Design manager,2774
Loy Philo,72,lphilolt@deliciousdays.com,Male,Trinidad and Tobago,Safety Technician IV,5591
Royce Vernham,42,rvernhamlu@chron.com,Male,Nigeria,Occupational Therapist,893
Kliment Fronsek,86,kfronseklv@chron.com,Male,Russia,Marketing Assistant,6316
Alie Tappington,42,atappingtonlw@angelfire.com,Female,France,Data Coordinator,7008
Jenifer Bloxland,23,jbloxlandlx@feedburner.com,Female,Luxembourg,Health Coach IV,1394
Irwinn McCreedy,68,imccreedyly@blogtalkradio.com,Male,South Korea,Cost Accountant,3868
Gordan Gyppes,67,ggyppeslz@parallels.com,Male,China,Assistant Media Planner,8290
Anissa Habishaw,45,ahabishawm0@sitemeter.com,Genderfluid,Palestinian Territory,GIS Technical Architect,6332
Bret Posselt,52,bposseltm1@moonfruit.com,Male,Russia,Programmer Analyst IV,1333
Rae Livesay,18,rlivesaym2@purevolume.com,Genderqueer,Venezuela,Food Chemist,8078
Ansell Artz,19,aartzm3@tuttocitta.it,Male,Indonesia,Financial Analyst,3147
Carlie Axelbey,5,caxelbeym4@cam.ac.uk,Male,Brazil,VP Accounting,9685
Flori Kunzelmann,81,fkunzelmannm5@mediafire.com,Female,China,Senior Cost Accountant,3259
Dalston Evans,50,devansm6@eventbrite.com,Male,China,Librarian,6864
Raoul Gland,67,rglandm7@bandcamp.com,Male,Philippines,Tax Accountant,9727
Corena Calbreath,17,ccalbreathm8@disqus.com,Female,Indonesia,Occupational Therapist,7973
Tomi Jikylls,82,tjikyllsm9@wunderground.com,Female,Indonesia,Sales Associate,5530
Lindie Antognoni,49,lantognonima@cocolog-nifty.com,Female,Serbia,Automation Specialist III,8864
Berkley Avrahamian,38,bavrahamianmb@cam.ac.uk,Male,Panama,Database Administrator IV,3803
Clara Gatesman,27,cgatesmanmc@samsung.com,Female,Brazil,Clinical Specialist,1701
Erastus Cultcheth,77,ecultchethmd@w3.org,Male,Indonesia,Geologist I,8875
Ermanno Haack,15,ehaackme@360.cn,Male,China,Business Systems Development Analyst,6016
Dedie Farrall,21,dfarrallmf@360.cn,Bigender,Guatemala,Senior Quality Engineer,3410
Riane Croisier,53,rcroisiermg@omniture.com,Female,Indonesia,VP Sales,3415
Bartlett Cohane,34,bcohanemh@admin.ch,Male,China,Database Administrator IV,7065
Darsie Traher,64,dtrahermi@symantec.com,Female,Russia,Legal Assistant,6737
Saunderson Sarra,63,ssarramj@ifeng.com,Male,Poland,Geologist IV,1532
Flin Blacker,11,fblackermk@omniture.com,Male,Turkmenistan,Account Representative I,3387
Berkeley Mary,44,bmaryml@dyndns.org,Male,Afghanistan,Web Developer IV,1698
Maddalena Downie,85,mdowniemm@macromedia.com,Female,China,Analyst Programmer,9029
Willy Conkay,19,wconkaymn@dyndns.org,Male,Mongolia,Media Manager III,9707
Mabel Eckels,3,meckelsmo@comcast.net,Female,China,Registered Nurse,8662
Graig Brewett,56,gbrewettmp@skyrock.com,Male,Mexico,Software Consultant,9944
Bartholomeus Scatchard,83,bscatchardmq@ucoz.ru,Male,Portugal,Assistant Media Planner,1231
Torr Vallantine,24,tvallantinemr@netlog.com,Male,Japan,Developer II,4028
Rip MacKeeg,27,rmackeegms@lycos.com,Male,Russia,VP Quality Control,3889
Melanie Doge,33,mdogemt@slate.com,Female,China,Assistant Professor,7650
Caye Garnsey,57,cgarnseymu@lycos.com,Female,China,Recruiting Manager,6557
Birgitta Milne,19,bmilnemv@blogs.com,Female,Panama,Director of Sales,8749
Kerry Venus,15,kvenusmw@shinystat.com,Male,Portugal,Statistician I,8000
Joanne Chesher,9,jcheshermx@mac.com,Female,China,Electrical Engineer,9893
Tandy Labon,66,tlabonmy@ow.ly,Polygender,Czech Republic,Pharmacist,7065
Tatum Beasley,11,tbeasleymz@naver.com,Female,Philippines,GIS Technical Architect,1478
Marcelia Heinz,58,mheinzn0@chron.com,Female,Uruguay,Recruiter,4233
Emanuel O' Reagan,88,eon1@scientificamerican.com,Male,Portugal,Cost Accountant,6118
Jojo Latham,86,jlathamn2@ovh.net,Female,Japan,Geological Engineer,4934
Hazel MacGiffin,11,hmacgiffinn3@nationalgeographic.com,Male,Sweden,Office Assistant III,1911
Mirella Pretty,24,mprettyn4@4shared.com,Female,Ukraine,Occupational Therapist,5298
Angele Schubart,75,aschubartn5@washingtonpost.com,Female,Pakistan,Account Coordinator,7648
Claiborn Bilt,28,cbiltn6@blogger.com,Male,Philippines,Software Engineer IV,4136
Tadeas Gammill,23,tgammilln7@angelfire.com,Male,Moldova,Geological Engineer,1030
Reinaldos Yexley,49,ryexleyn8@nifty.com,Male,Colombia,Business Systems Development Analyst,4742
Bunnie Phipps,43,bphippsn9@upenn.edu,Genderqueer,Czech Republic,Budget/Accounting Analyst IV,5192
Sarene Chaplin,65,schaplinna@typepad.com,Female,Sri Lanka,Accounting Assistant I,5591
Eldredge Rubinsztein,11,erubinszteinnb@prlog.org,Male,China,Professor,2912
Niki Brandi,38,nbrandinc@samsung.com,Female,Japan,Media Manager II,3419
Lonni Bugdell,79,lbugdellnd@delicious.com,Female,China,Assistant Media Planner,5322
Dasie Bleasdille,24,dbleasdillene@omniture.com,Female,China,Junior Executive,2732
Farley Baybutt,68,fbaybuttnf@gmpg.org,Male,Peru,Librarian,2372
Cletis Brabon,50,cbrabonng@yellowbook.com,Male,China,Software Consultant,8156
Myra Windeatt,55,mwindeattnh@cargocollective.com,Female,France,Account Coordinator,5261
Sydney Batchelor,42,sbatchelorni@mac.com,Female,Portugal,Product Engineer,5457
Sher Sneaker,52,ssneakernj@infoseek.co.jp,Female,Russia,Pharmacist,7625
Susana Trafford,55,straffordnk@linkedin.com,Female,Nigeria,Developer IV,2626
Dynah Mullineux,4,dmullineuxnl@bbb.org,Genderqueer,Bulgaria,Chief Design Engineer,1233
Florian Livingston,21,flivingstonnm@youku.com,Male,Russia,Help Desk Operator,1968
Clayson Peiro,7,cpeironn@patch.com,Male,Pakistan,Chemical Engineer,5126
Lavina Durrett,74,ldurrettno@mashable.com,Female,Poland,VP Accounting,7812
Jordon Dradey,14,jdradeynp@deliciousdays.com,Agender,Morocco,Electrical Engineer,6160
Nathaniel Hurch,42,nhurchnq@myspace.com,Male,Philippines,Editor,9566
Dur Paddeley,53,dpaddeleynr@domainmarket.com,Male,Russia,Administrative Assistant IV,5360
Sukey Baulcombe,72,sbaulcombens@craigslist.org,Female,China,VP Marketing,1717
Silvan Bosden,87,sbosdennt@usatoday.com,Male,Portugal,Cost Accountant,3309
Cesya Van den Bosch,74,cvannu@4shared.com,Female,Central African Republic,Occupational Therapist,8205
Gail Limmer,7,glimmernv@dedecms.com,Female,Japan,Executive Secretary,3454
Lucine Clemencon,21,lclemenconnw@tripod.com,Female,Germany,Accountant IV,5437
Brannon MacGebenay,83,bmacgebenaynx@ca.gov,Male,China,Information Systems Manager,7482
Brena Meneely,60,bmeneelyny@mlb.com,Female,China,Programmer IV,6876
Alexandre Allbon,76,aallbonnz@bing.com,Male,Ethiopia,Human Resources Manager,6489
Dore Warin,42,dwarino0@about.me,Genderfluid,Indonesia,Librarian,5036
Aprilette Robart,78,arobarto1@yahoo.co.jp,Female,Turkmenistan,Budget/Accounting Analyst IV,1422
Patti Aloshkin,40,paloshkino2@tinyurl.com,Female,Japan,Automation Specialist II,3502
Jenda Evelyn,82,jevelyno3@webmd.com,Female,China,Graphic Designer,7245
Gwyn Butfield,6,gbutfieldo4@theatlantic.com,Female,Canada,Teacher,3111
Damiano Schulze,52,dschulzeo5@wikipedia.org,Male,Indonesia,Senior Editor,9212
Mariana Crowch,50,mcrowcho6@canalblog.com,Female,Brazil,Automation Specialist II,7332
Kristine Glowinski,6,kglowinskio7@parallels.com,Female,Indonesia,Legal Assistant,1161
Phillie Cainey,10,pcaineyo8@msu.edu,Female,Brazil,Safety Technician I,4386
Martino Sauvain,53,msauvaino9@a8.net,Male,Indonesia,Web Designer II,9492
Emelita Kehoe,16,ekehoeoa@typepad.com,Female,Latvia,Media Manager III,9753
Frank Toghill,63,ftoghillob@microsoft.com,Agender,Thailand,Assistant Manager,1536
Ursala Caberas,33,ucaberasoc@dagondesign.com,Female,China,Budget/Accounting Analyst II,9299
Lira Lombardo,47,llombardood@addthis.com,Female,Zambia,Computer Systems Analyst III,1470
Clarice Crawshay,18,ccrawshayoe@jimdo.com,Female,Spain,Sales Associate,9364
Teddy Beddoes,35,tbeddoesof@live.com,Male,China,Speech Pathologist,8473
Nikolas Drover,64,ndroverog@japanpost.jp,Male,Azerbaijan,Dental Hygienist,4761
Granville Fransson,68,gfranssonoh@dell.com,Male,Sweden,Structural Analysis Engineer,5941
Georgie Blyde,40,gblydeoi@reference.com,Male,Indonesia,VP Accounting,6837
Tyrus Durnell,26,tdurnelloj@dell.com,Male,China,Design Engineer,9557
Skipp Walliker,22,swallikerok@twitter.com,Male,China,Chemical Engineer,8741
Saxe Facey,33,sfaceyol@admin.ch,Male,Philippines,Software Test Engineer IV,8195
Delbert Deshon,46,ddeshonom@cnet.com,Male,Poland,Information Systems Manager,5001
Honoria Overnell,65,hovernellon@xing.com,Genderqueer,China,Staff Scientist,4576
Meredithe Pedlar,9,mpedlaroo@moonfruit.com,Female,Philippines,Project Manager,3915
Emelda Davydychev,80,edavydychevop@google.it,Female,Ecuador,Pharmacist,5186
Marijn Hissett,58,mhissettoq@google.ru,Genderfluid,Peru,Assistant Media Planner,8182
Eldin Breitling,2,ebreitlingor@feedburner.com,Genderqueer,Czech Republic,Budget/Accounting Analyst I,9721
Elizabet Peck,88,epeckos@cbsnews.com,Female,New Zealand,VP Quality Control,5139
Gardie Callis,81,gcallisot@cpanel.net,Male,Indonesia,Marketing Assistant,4386
Evan Enriquez,27,eenriquezou@toplist.cz,Male,Sri Lanka,Chief Design Engineer,1640
Benny Klemensiewicz,43,bklemensiewiczov@cbslocal.com,Male,Albania,Software Consultant,7775
Cyrus Linley,10,clinleyow@phpbb.com,Male,China,Paralegal,1371
Faulkner Corston,29,fcorstonox@dion.ne.jp,Male,South Africa,General Manager,5493
Federico Mawd,3,fmawdoy@icq.com,Male,Serbia,VP Product Management,1594
Bertie Effemy,66,beffemyoz@epa.gov,Male,China,Nurse,3784
Neill Ridgewell,65,nridgewellp0@wsj.com,Male,China,Internal Auditor,2528
Horton Dei,85,hdeip1@dion.ne.jp,Male,China,General Manager,2210
Stavro Flay,50,sflayp2@prnewswire.com,Male,France,Junior Executive,8141
Darrick Haylett,5,dhaylettp3@tinypic.com,Male,Poland,Tax Accountant,8152
Nico Valencia,66,nvalenciap4@yale.edu,Male,Philippines,Structural Engineer,5793
Ceciley Franiak,16,cfraniakp5@wikipedia.org,Female,Spain,Programmer I,4838
Germaine Bubb,80,gbubbp6@blogspot.com,Female,France,Mechanical Systems Engineer,4556
Blondy de Courcy,33,bdep7@yelp.com,Female,Thailand,Safety Technician III,6240
Tann Archdeacon,66,tarchdeaconp8@nyu.edu,Male,Mali,Developer IV,3833
Wenona Tripon,60,wtriponp9@chron.com,Female,Philippines,Analog Circuit Design manager,2323
Shirleen Tassel,67,stasselpa@studiopress.com,Female,Philippines,Help Desk Technician,9591
Reta Graveney,57,rgraveneypb@mapy.cz,Female,Russia,Geologist IV,8237
Virgil Wheatcroft,67,vwheatcroftpc@army.mil,Polygender,Bahrain,Account Coordinator,8858
Quintin Bartolomeotti,14,qbartolomeottipd@parallels.com,Male,Greece,Programmer III,3304
Adaline Stockley,20,astockleype@omniture.com,Female,Afghanistan,Chemical Engineer,9871
Lin Helbeck,3,lhelbeckpf@wired.com,Female,Poland,Chemical Engineer,5360
Ranique Billes,25,rbillespg@merriam-webster.com,Female,Indonesia,Mechanical Systems Engineer,2761
Mortie Sherry,85,msherryph@chronoengine.com,Male,Comoros,Account Coordinator,5633
Cristabel Titherington,56,ctitheringtonpi@creativecommons.org,Female,Philippines,Systems Administrator I,9386
Tommy Simmins,18,tsimminspj@skyrock.com,Male,China,Financial Analyst,1106
Arlan Deans,40,adeanspk@yellowbook.com,Male,United Kingdom,GIS Technical Architect,5783
Yves Willgoss,41,ywillgosspl@cbsnews.com,Male,Indonesia,Health Coach IV,3646
Farlie Brosetti,7,fbrosettipm@goo.gl,Bigender,China,Design Engineer,4981
Raf Hanmore,1,rhanmorepn@liveinternet.ru,Female,Philippines,Analyst Programmer,3409
Kendricks Bidewel,61,kbidewelpo@abc.net.au,Male,Colombia,Developer III,5661
Aurelie Ecclestone,68,aecclestonepp@netscape.com,Female,Brazil,Quality Control Specialist,8216
Washington Hulkes,40,whulkespq@t-online.de,Male,Philippines,Financial Advisor,2956
Obed Pairpoint,17,opairpointpr@twitter.com,Male,Finland,Paralegal,2781
Pietra Corness,14,pcornessps@weebly.com,Female,France,Project Manager,1201
Hamlen Deane,44,hdeanept@dagondesign.com,Male,France,Account Representative III,5248
Elissa Oxnam,7,eoxnampu@discovery.com,Female,Greece,Chief Design Engineer,4253
Kaila Dumini,16,kduminipv@woothemes.com,Female,Indonesia,Environmental Specialist,4236
Mattie Curgenven,71,mcurgenvenpw@skype.com,Female,Panama,Accounting Assistant III,4429
Sandye Jobb,53,sjobbpx@sphinn.com,Female,Sweden,Internal Auditor,9449
Luigi Boothby,53,lboothbypy@jugem.jp,Male,Ireland,Programmer Analyst II,1937
Rusty Shireff,50,rshireffpz@over-blog.com,Male,Afghanistan,Chief Design Engineer,4970
Seana MacDuff,61,smacduffq0@wordpress.com,Female,Greece,Information Systems Manager,6180
Roze Fillingham,45,rfillinghamq1@pinterest.com,Female,Peru,Speech Pathologist,7837
Angelia Tramel,19,atramelq2@gmpg.org,Female,China,Account Executive,7773
Glenn Holde,6,gholdeq3@state.tx.us,Agender,South Africa,Operator,7601
Peyton Marrow,60,pmarrowq4@theguardian.com,Male,Peru,Editor,9023
Robinson Jancic,10,rjancicq5@blogspot.com,Male,Indonesia,Chief Design Engineer,4155
Fulton Dible,87,fdibleq6@umn.edu,Male,Philippines,Teacher,2795
Gertruda Mertsching,82,gmertschingq7@1und1.de,Female,France,Recruiter,2159
Kahaleel Karpenko,4,kkarpenkoq8@pinterest.com,Male,Poland,Quality Control Specialist,5071
Lucina Laurie,83,llaurieq9@state.tx.us,Female,China,Financial Advisor,7291
Fredek Hanmore,83,fhanmoreqa@diigo.com,Male,Poland,VP Sales,1783
Shepard Sibson,64,ssibsonqb@mac.com,Male,Mozambique,Nuclear Power Engineer,5353
Blondelle Marin,16,bmarinqc@epa.gov,Female,Russia,VP Sales,7954
Bobbe Sumner,48,bsumnerqd@bloglines.com,Female,Ukraine,Dental Hygienist,922
Carmine Loomes,83,cloomesqe@yandex.ru,Agender,Colombia,Technical Writer,2013
Cassie Dowell,15,cdowellqf@businessinsider.com,Female,United States,Junior Executive,3269
Gage Lowes,16,glowesqg@alibaba.com,Male,China,Automation Specialist III,3981
Ragnar Fosserd,52,rfosserdqh@cnbc.com,Non-binary,Indonesia,Senior Developer,6645
Blayne Millward,46,bmillwardqi@networksolutions.com,Male,Russia,GIS Technical Architect,3311
Therine MacCaig,84,tmaccaigqj@google.co.uk,Female,Nigeria,Environmental Specialist,8435
Joanna Dowthwaite,35,jdowthwaiteqk@businessweek.com,Female,Bangladesh,Software Test Engineer II,3259
Sascha Petrusch,50,spetruschql@storify.com,Female,France,Research Nurse,7149
Abelard Ebourne,24,aebourneqm@cloudflare.com,Male,Indonesia,Assistant Media Planner,4262
Windham Eaglestone,50,weaglestoneqn@nytimes.com,Male,Indonesia,Food Chemist,3040
Birk Tungay,23,btungayqo@wordpress.org,Male,Colombia,Analyst Programmer,1431
Archambault MacCaughey,15,amaccaugheyqp@intel.com,Male,China,Help Desk Operator,9289
Natalee Naisby,15,nnaisbyqq@tmall.com,Female,Saudi Arabia,Project Manager,8816
Briny Arnaudon,23,barnaudonqr@google.nl,Female,Portugal,Information Systems Manager,1259
Jacquelin Le Strange,44,jleqs@wix.com,Female,Ukraine,Occupational Therapist,2623
Arch Fusco,4,afuscoqt@disqus.com,Male,Pakistan,Technical Writer,9633
Bill Glanester,27,bglanesterqu@vk.com,Male,Argentina,Web Designer I,6148
Elvira Rubin,44,erubinqv@sourceforge.net,Female,Palestinian Territory,Junior Executive,7063
Benedetto Matteris,42,bmatterisqw@vistaprint.com,Male,China,Sales Associate,1933
Cornell Roddick,44,croddickqx@amazon.co.uk,Male,Brazil,Recruiting Manager,5308
Miquela Antonias,16,mantoniasqy@jigsy.com,Female,Japan,Account Executive,2740
Lori Portinari,5,lportinariqz@furl.net,Female,Norway,Sales Associate,4409
Agna Jeannel,86,ajeannelr0@surveymonkey.com,Female,Czech Republic,Project Manager,8870
Shawna Balding,62,sbaldingr1@xing.com,Female,Philippines,Paralegal,7642
Kamila De Maria,84,kder2@feedburner.com,Female,Indonesia,Actuary,9864
Alexio Gresswell,24,agresswellr3@netscape.com,Male,Sweden,Software Test Engineer I,9180
Edik Ilott,88,eilottr4@sakura.ne.jp,Male,China,Legal Assistant,8053
Francyne Warricker,25,fwarrickerr5@yolasite.com,Female,China,Speech Pathologist,7864
Winslow Kilday,5,wkildayr6@miibeian.gov.cn,Male,China,Database Administrator II,6602
Morry Bathersby,28,mbathersbyr7@123-reg.co.uk,Male,Indonesia,Developer I,7134
Alyson Pexton,77,apextonr8@prnewswire.com,Female,Sweden,Geologist IV,4144
Marielle Gery,8,mgeryr9@ed.gov,Female,Poland,General Manager,5999
Prinz Brute,2,pbrutera@princeton.edu,Male,Argentina,Environmental Specialist,8957
Talyah Millhill,34,tmillhillrb@japanpost.jp,Bigender,Sierra Leone,Pharmacist,9563
Louis Dickerline,75,ldickerlinerc@mozilla.org,Male,China,Actuary,2434
Lawton Norwood,85,lnorwoodrd@zimbio.com,Male,Bolivia,Sales Representative,5707
Shamus Purkiss,44,spurkissre@sohu.com,Male,Mongolia,Human Resources Manager,6504
Ladonna Ielden,1,lieldenrf@apple.com,Female,Portugal,Executive Secretary,9506
Janaye Sandall,13,jsandallrg@dot.gov,Female,Indonesia,Quality Control Specialist,5859
Clarice Phateplace,7,cphateplacerh@shareasale.com,Female,Brazil,Database Administrator I,9731
Damara Staniforth,65,dstaniforthri@epa.gov,Female,Senegal,Community Outreach Specialist,3945
Ariel Waterson,47,awatersonrj@csmonitor.com,Male,Brazil,Marketing Manager,3388
Pasquale Duns,61,pdunsrk@nbcnews.com,Male,Ghana,Geologist III,1409
Melodee McClinton,2,mmcclintonrl@irs.gov,Female,China,Professor,6480
Skipp Poulton,33,spoultonrm@blogger.com,Male,Honduras,Librarian,5850
Charisse Doy,43,cdoyrn@auda.org.au,Female,Mongolia,Account Representative I,9593
Howey Vecard,1,hvecardro@icio.us,Male,Estonia,Office Assistant III,8146
Jareb Kohler,15,jkohlerrp@jigsy.com,Male,Bulgaria,Civil Engineer,4357
Herschel Conningham,72,hconninghamrq@acquirethisname.com,Male,Greece,VP Product Management,4368
Dianne Dyett,17,ddyettrr@dailymail.co.uk,Female,Sweden,Accountant I,4925
